51,Caitlyn,BOTTOM,TRUE,777,4,114,154
22,Ashe,BOTTOM,TRUE,30,91,62,76
51,Caitlyn,BOTTOM,FALSE,85,104,36,91
67,Vayne,BOTTOM,FALSE,17,76,104,234
51,Caitlyn,BOTTOM,TRUE,39,28,24,76
51,Caitlyn,BOTTOM,TRUE,777,120,39,91
51,Caitlyn,BOTTOM,TRUE,58,107,106,48
222,Jinx,BOTTOM,TRUE,104,245,76,98
202,Jhin,BOTTOM,FALSE,126,76,234,64
876,Lillia,JUNGLE,FALSE,86,245,516,48
523,Aphelios,BOTTOM,TRUE,17,104,38,91
51,Caitlyn,BOTTOM,TRUE,114,103,266,76
222,Jinx,BOTTOM,TRUE,84,4,104,154
24,Jax,TOP,FALSE,104,61,85,120
523,Aphelios,BOTTOM,TRUE,54,79,236,104
51,Caitlyn,BOTTOM,TRUE,126,104,157,234
222,Jinx,BOTTOM,TRUE,516,131,887,203
25,Morgana,UTILITY,TRUE,104,120,166,64
222,Jinx,BOTTOM,FALSE,17,102,126,120
89,Leona,UTILITY,TRUE,104,120,10,59
84,Akali,MIDDLE,TRUE,14,234,86,254
84,Akali,MIDDLE,TRUE,24,120,157,30
84,Akali,MIDDLE,TRUE,24,203,777,141
84,Akali,MIDDLE,TRUE,114,64,75,245
84,Akali,MIDDLE,FALSE,27,246,91,106
84,Akali,MIDDLE,TRUE,238,17,48,234
84,Akali,MIDDLE,TRUE,234,32,114,234
58,Renekton,MIDDLE,FALSE,27,254,24,59
84,Akali,MIDDLE,FALSE,42,102,62,131
84,Akali,MIDDLE,FALSE,114,254,30,78
64,LeeSin,BOTTOM,TRUE,62,44,17,11
84,Akali,MIDDLE,FALSE,58,141,122,25
84,Akali,MIDDLE,FALSE,22,432,13,33
84,Akali,MIDDLE,TRUE,75,13,39,876
84,Akali,MIDDLE,TRUE,875,154,223,234
84,Akali,MIDDLE,TRUE,6,60,41,91
84,Akali,MIDDLE,TRUE,234,19,107,121
84,Akali,MIDDLE,TRUE,126,254,7,59
84,Akali,MIDDLE,FALSE,10,64,164,91
84,Akali,MIDDLE,TRUE,166,64,6,91
166,Akshan,MIDDLE,TRUE,84,234,104,76
555,Pyke,MIDDLE,TRUE,39,245,104,64
555,Pyke,MIDDLE,FALSE,39,245,777,120
555,Pyke,MIDDLE,TRUE,74,104,14,131
166,Akshan,TOP,TRUE,4,76,134,64
555,Pyke,MIDDLE,TRUE,104,64,112,121
246,Qiyana,MIDDLE,FALSE,85,80,41,79
166,Akshan,BOTTOM,TRUE,114,121,126,64
555,Pyke,MIDDLE,FALSE,875,60,84,64
166,Akshan,MIDDLE,TRUE,74,421,39,5
246,Qiyana,MIDDLE,TRUE,58,35,887,154
246,Qiyana,MIDDLE,FALSE,85,254,117,91
555,Pyke,UTILITY,FALSE,166,91,126,421
166,Akshan,MIDDLE,TRUE,131,39,114,64
555,Pyke,BOTTOM,TRUE,24,254,92,107
555,Pyke,BOTTOM,TRUE,114,28,39,107
555,Pyke,BOTTOM,FALSE,39,421,166,234
555,Pyke,MIDDLE,TRUE,23,104,54,67
555,Pyke,MIDDLE,FALSE,36,102,236,121
555,Pyke,BOTTOM,TRUE,166,427,67,64
55,Katarina,BOTTOM,TRUE,54,876,21,555
145,Kaisa,BOTTOM,FALSE,126,64,114,107
202,Jhin,MIDDLE,FALSE,114,82,112,104
69,Cassiopeia,BOTTOM,TRUE,516,35,887,9
145,Kaisa,BOTTOM,TRUE,17,35,126,876
67,Vayne,BOTTOM,FALSE,887,91,19,35
67,Vayne,BOTTOM,TRUE,114,35,78,91
202,Jhin,JUNGLE,TRUE,84,203,887,120
104,Graves,JUNGLE,TRUE,222,99,131,245
106,Volibear,BOTTOM,TRUE,11,234,122,28
429,Kalista,BOTTOM,FALSE,126,245,887,234
236,Lucian,BOTTOM,FALSE,81,43,120,78
67,Vayne,BOTTOM,TRUE,84,246,777,163
67,Vayne,UTILITY,FALSE,23,203,24,234
202,Jhin,BOTTOM,TRUE,7,48,78,11
89,Leona,BOTTOM,TRUE,875,234,104,121
202,Jhin,BOTTOM,TRUE,36,104,41,238
81,Ezreal,BOTTOM,FALSE,164,234,36,104
202,Jhin,MIDDLE,TRUE,14,107,17,421
81,Ezreal,MIDDLE,FALSE,24,120,777,107
112,Viktor,TOP,FALSE,39,64,74,234
69,Cassiopeia,UTILITY,TRUE,17,120,164,245
39,Irelia,MIDDLE,TRUE,53,245,126,28
163,Taliyah,UTILITY,FALSE,164,120,875,30
134,Syndra,MIDDLE,TRUE,92,234,36,104
163,Taliyah,MIDDLE,TRUE,92,104,114,203
112,Viktor,MIDDLE,TRUE,98,59,24,120
31,Chogath,MIDDLE,TRUE,27,234,67,28
39,Irelia,UTILITY,TRUE,166,30,23,91
61,Orianna,MIDDLE,FALSE,23,120,112,39
163,Taliyah,MIDDLE,FALSE,31,30,777,238
39,Irelia,MIDDLE,FALSE,17,245,7,64
112,Viktor,UTILITY,FALSE,875,120,166,421
61,Orianna,MIDDLE,TRUE,126,59,134,78
163,Taliyah,MIDDLE,TRUE,74,64,39,28
112,Viktor,MIDDLE,TRUE,27,203,202,141
39,Irelia,MIDDLE,FALSE,76,98,104,245
39,Irelia,MIDDLE,TRUE,23,76,420,59
112,Viktor,MIDDLE,TRUE,164,91,234,202
136,AurelionSol,MIDDLE,TRUE,23,104,86,20
4,TwistedFate,MIDDLE,TRUE,23,107,41,79
777,Yone,MIDDLE,TRUE,84,28,41,91
4,TwistedFate,MIDDLE,FALSE,777,131,58,120
4,TwistedFate,MIDDLE,TRUE,23,79,24,64
4,TwistedFate,MIDDLE,FALSE,164,64,36,234
4,TwistedFate,MIDDLE,TRUE,76,166,134,64
4,TwistedFate,UTILITY,TRUE,39,421,14,254
4,TwistedFate,MIDDLE,TRUE,58,234,164,421
101,Xerath,MIDDLE,TRUE,23,421,57,20
4,TwistedFate,MIDDLE,TRUE,164,64,777,120
4,TwistedFate,BOTTOM,TRUE,114,64,23,234
4,TwistedFate,BOTTOM,FALSE,75,141,517,104
81,Ezreal,MIDDLE,TRUE,126,104,54,245
81,Ezreal,MIDDLE,FALSE,126,59,104,120
4,TwistedFate,MIDDLE,FALSE,19,120,122,203
4,TwistedFate,MIDDLE,TRUE,114,234,164,2
4,TwistedFate,MIDDLE,TRUE,126,28,10,131
4,TwistedFate,BOTTOM,TRUE,6,120,24,64
4,TwistedFate,MIDDLE,FALSE,24,64,114,104
81,Ezreal,MIDDLE,TRUE,164,64,78,20
142,Zoe,MIDDLE,FALSE,39,91,85,234
166,Akshan,MIDDLE,FALSE,48,104,266,234
34,Anivia,MIDDLE,TRUE,80,131,98,121
163,Taliyah,MIDDLE,TRUE,164,104,126,28
112,Viktor,TOP,TRUE,122,59,39,91
34,Anivia,MIDDLE,FALSE,164,64,19,28
711,Vex,TOP,TRUE,266,121,84,64
163,Taliyah,MIDDLE,TRUE,240,246,266,234
35,Shaco,MIDDLE,TRUE,268,57,63,80
62,MonkeyKing,MIDDLE,FALSE,59,39,31,429
31,Chogath,MIDDLE,TRUE,28,157,516,104
34,Anivia,TOP,TRUE,126,9,48,59
142,Zoe,MIDDLE,FALSE,266,104,98,60
163,Taliyah,JUNGLE,TRUE,31,203,24,121
166,Akshan,MIDDLE,FALSE,92,20,31,79
555,Pyke,JUNGLE,FALSE,202,86,80,69
201,Braum,JUNGLE,TRUE,63,157,83,35
254,Vi,JUNGLE,TRUE,104,412,84,147
38,Kassadin,JUNGLE,TRUE,31,117,145,56
142,Zoe,JUNGLE,FALSE,12,1,13,20
5,XinZhao,JUNGLE,FALSE,6,203,126,887
91,Talon,JUNGLE,TRUE,166,82,887,64
5,XinZhao,JUNGLE,FALSE,517,3,91,421
9,FiddleSticks,JUNGLE,TRUE,75,105,223,141
20,Nunu,JUNGLE,FALSE,28,161,14,76
64,LeeSin,JUNGLE,TRUE,74,38,8,106
64,LeeSin,JUNGLE,FALSE,114,42,875,121
64,LeeSin,JUNGLE,FALSE,122,99,236,107
64,LeeSin,JUNGLE,TRUE,875,245,164,107
59,JarvanIV,JUNGLE,TRUE,127,114,3,60
234,Viego,JUNGLE,FALSE,23,55,17,421
887,Gwen,JUNGLE,TRUE,114,38,58,876
91,Talon,JUNGLE,TRUE,166,3,82,11
245,Ekko,TOP,FALSE,27,69,10,238
234,Viego,TOP,FALSE,104,42,266,91
102,Shyvana,TOP,TRUE,14,122,80,59
64,LeeSin,TOP,TRUE,114,91,84,245
234,Viego,UTILITY,TRUE,24,8,31,48
5,XinZhao,TOP,FALSE,110,91,86,104
91,Talon,TOP,FALSE,236,267,107,69
72,Skarner,TOP,TRUE,131,142,39,64
72,Skarner,TOP,TRUE,104,103,516,131
72,Skarner,UTILITY,FALSE,131,126,875,64
72,Skarner,TOP,TRUE,28,8,107,11
101,Xerath,UTILITY,TRUE,39,104,777,20
72,Skarner,UTILITY,TRUE,121,34,166,120
72,Skarner,TOP,FALSE,104,34,86,30
72,Skarner,UTILITY,FALSE,887,13,98,48
72,Skarner,TOP,FALSE,64,166,107,57
3,Galio,UTILITY,FALSE,86,234,85,141
72,Skarner,TOP,TRUE,91,38,68,203
3,Galio,TOP,TRUE,10,35,114,154
111,Nautilus,TOP,TRUE,10,104,266,91
72,Skarner,JUNGLE,TRUE,64,7,777,120
101,Xerath,JUNGLE,FALSE,875,78,516,234
72,Skarner,JUNGLE,FALSE,28,238,887,113
117,Lulu,JUNGLE,FALSE,223,203,164,59
72,Skarner,JUNGLE,TRUE,120,245,887,79
72,Skarner,JUNGLE,TRUE,203,105,887,64
72,Skarner,JUNGLE,FALSE,107,166,141,59
2,Olaf,JUNGLE,TRUE,98,7,516,32
104,Graves,JUNGLE,TRUE,17,112,36,154
60,Elise,JUNGLE,FALSE,41,238,14,121
2,Olaf,JUNGLE,FALSE,92,111,150,254
234,Viego,JUNGLE,TRUE,107,254,39,121
104,Graves,JUNGLE,TRUE,89,157,115,17
238,Zed,JUNGLE,FALSE,98,134,86,234
21,MissFortune,JUNGLE,FALSE,236,166,69,412
60,Elise,JUNGLE,TRUE,39,166,86,876
2,Olaf,JUNGLE,FALSE,164,222,16,120
64,LeeSin,JUNGLE,FALSE,106,112,24,104
2,Olaf,JUNGLE,TRUE,223,517,41,5
421,RekSai,JUNGLE,TRUE,126,112,62,64
2,Olaf,JUNGLE,FALSE,7,102,14,35
19,Warwick,JUNGLE,TRUE,875,4,14,246
203,Kindred,JUNGLE,FALSE,98,34,875,64
203,Kindred,JUNGLE,FALSE,517,112,777,104
91,Talon,BOTTOM,FALSE,164,105,75,238
64,LeeSin,MIDDLE,FALSE,104,777,85,876
64,LeeSin,JUNGLE,TRUE,39,112,126,154
44,Taric,JUNGLE,FALSE,777,131,75,107
44,Taric,UTILITY,TRUE,875,45,131,777
25,Morgana,JUNGLE,FALSE,86,1,234,876
44,Taric,JUNGLE,FALSE,777,84,31,104
44,Taric,JUNGLE,TRUE,150,555,84,141
203,Kindred,JUNGLE,TRUE,75,30,266,876
18,Tristana,JUNGLE,TRUE,106,44,54,141
44,Taric,JUNGLE,FALSE,84,4,79,20
44,Taric,JUNGLE,FALSE,112,29,64,20
44,Taric,JUNGLE,TRUE,114,120,86,234
44,Taric,JUNGLE,TRUE,86,142,23,72
44,Taric,JUNGLE,TRUE,86,8,887,78
44,Taric,JUNGLE,FALSE,8,133,126,104
44,Taric,JUNGLE,TRUE,266,112,98,154
44,Taric,MIDDLE,TRUE,238,1,41,29
44,Taric,MIDDLE,FALSE,86,517,122,120
44,Taric,MIDDLE,TRUE,23,7,41,120
20,Nunu,MIDDLE,FALSE,98,112,69,131
44,Taric,BOTTOM,FALSE,236,147,48,5
141,Kayn,MIDDLE,FALSE,106,112,82,44
555,Pyke,BOTTOM,TRUE,147,34,51,115
238,Zed,MIDDLE,TRUE,126,112,48,2
131,Diana,MIDDLE,TRUE,133,86,67,64
131,Diana,MIDDLE,TRUE,777,875,126,203
268,Azir,MIDDLE,TRUE,92,30,85,19
112,Viktor,MIDDLE,FALSE,39,106,875,28
268,Azir,MIDDLE,FALSE,875,35,86,234
119,Draven,MIDDLE,FALSE,887,48,50,19
268,Azir,MIDDLE,FALSE,67,18,86,64
119,Draven,MIDDLE,FALSE,223,35,50,29
268,Azir,MIDDLE,TRUE,24,234,84,141
112,Viktor,BOTTOM,TRUE,164,78,39,64
112,Viktor,UTILITY,FALSE,166,120,10,234
112,Viktor,BOTTOM,TRUE,41,5,104,78
268,Azir,BOTTOM,TRUE,875,104,36,64
268,Azir,BOTTOM,FALSE,58,78,36,104
268,Azir,BOTTOM,FALSE,104,141,38,107
268,Azir,BOTTOM,FALSE,39,234,36,91
112,Viktor,BOTTOM,TRUE,36,120,147,131
112,Viktor,UTILITY,TRUE,23,234,106,203
142,Zoe,BOTTOM,TRUE,39,121,114,777
518,Neeko,UTILITY,TRUE,84,91,24,102
518,Neeko,UTILITY,TRUE,62,120,64,67
518,Neeko,BOTTOM,TRUE,126,76,104,64
518,Neeko,BOTTOM,FALSE,24,120,10,141
518,Neeko,MIDDLE,TRUE,14,120,17,64
518,Neeko,BOTTOM,TRUE,164,33,104,19
518,Neeko,BOTTOM,TRUE,58,120,777,28
518,Neeko,BOTTOM,TRUE,31,234,164,203
518,Neeko,UTILITY,FALSE,39,79,126,11
711,Vex,UTILITY,FALSE,104,245,10,91
518,Neeko,BOTTOM,TRUE,17,887,79,120
518,Neeko,JUNGLE,TRUE,126,9,516,203
518,Neeko,UTILITY,FALSE,777,104,126,203
518,Neeko,UTILITY,TRUE,875,203,777,120
518,Neeko,UTILITY,FALSE,164,20,777,91
518,Neeko,BOTTOM,TRUE,39,120,166,163
51,Caitlyn,MIDDLE,FALSE,711,421,126,203
518,Neeko,JUNGLE,TRUE,39,104,23,141
518,Neeko,UTILITY,FALSE,98,77,17,203
119,Draven,BOTTOM,FALSE,98,203,126,246
6,Urgot,BOTTOM,FALSE,164,112,41,30
555,Pyke,BOTTOM,FALSE,62,91,166,121
111,Nautilus,TOP,FALSE,777,76,82,35
350,Yuumi,TOP,FALSE,164,20,78,141
119,Draven,BOTTOM,TRUE,164,30,887,141
1,Annie,UTILITY,FALSE,106,102,887,107
427,Ivern,TOP,FALSE,62,8,114,28
30,Karthus,BOTTOM,TRUE,164,19,63,56
119,Draven,BOTTOM,TRUE,98,68,107,245
30,Karthus,BOTTOM,FALSE,104,102,98,28
119,Draven,TOP,TRUE,79,64,164,234
777,Yone,TOP,FALSE,154,166,62,64
6,Urgot,TOP,TRUE,246,8,114,91
119,Draven,TOP,FALSE,24,76,516,35
555,Pyke,TOP,TRUE,166,76,103,6
14,Sion,TOP,FALSE,3,91,157,154
119,Draven,TOP,FALSE,164,238,114,91
119,Draven,TOP,TRUE,17,30,38,121
202,Jhin,TOP,TRUE,41,154,27,238
17,Teemo,TOP,TRUE,19,1,122,131
133,Quinn,TOP,TRUE,20,38,17,254
133,Quinn,TOP,TRUE,104,42,39,121
133,Quinn,TOP,TRUE,120,85,875,121
133,Quinn,TOP,FALSE,203,157,166,254
133,Quinn,TOP,FALSE,60,1,126,5
133,Quinn,TOP,TRUE,234,61,84,64
133,Quinn,TOP,TRUE,30,62,238,161
133,Quinn,TOP,FALSE,2,875,31,421
133,Quinn,JUNGLE,TRUE,11,112,777,64
133,Quinn,TOP,TRUE,20,238,92,35
133,Quinn,TOP,TRUE,154,13,223,120
133,Quinn,TOP,TRUE,203,134,126,163
133,Quinn,TOP,TRUE,102,99,432,234
133,Quinn,TOP,TRUE,141,45,875,246
133,Quinn,TOP,TRUE,104,42,223,60
133,Quinn,TOP,TRUE,76,238,23,234
133,Quinn,UTILITY,TRUE,9,103,10,238
133,Quinn,TOP,FALSE,57,157,104,246
39,Irelia,TOP,FALSE,516,157,98,56
240,Kled,TOP,TRUE,104,13,27,234
84,Akali,TOP,FALSE,166,107,24,60
84,Akali,TOP,TRUE,498,4,777,104
240,Kled,TOP,TRUE,17,112,23,104
240,Kled,TOP,TRUE,104,84,777,60
84,Akali,TOP,TRUE,421,115,36,91
99,Lux,TOP,FALSE,126,78,166,91
84,Akali,TOP,TRUE,30,164,24,121
84,Akali,TOP,TRUE,161,131,122,60
240,Kled,TOP,FALSE,131,69,41,104
240,Kled,TOP,TRUE,234,42,92,91
240,Kled,TOP,TRUE,104,34,11,141
240,Kled,TOP,FALSE,25,141,777,11
84,Akali,TOP,TRUE,234,246,104,33
240,Kled,TOP,FALSE,30,166,126,20
84,Akali,TOP,FALSE,223,234,24,254
84,Akali,UTILITY,TRUE,234,246,82,91
84,Akali,TOP,TRUE,91,10,875,31
240,Kled,TOP,TRUE,64,8,23,79
240,Kled,TOP,FALSE,91,1,164,245
122,Darius,TOP,TRUE,16,150,31,523
245,Ekko,JUNGLE,FALSE,55,523,45,81
555,Pyke,JUNGLE,FALSE,43,517,67,432
420,Illaoi,UTILITY,TRUE,29,234,41,64
82,Mordekaiser,TOP,TRUE,64,157,39,104
420,Illaoi,BOTTOM,TRUE,141,112,48,42
420,Illaoi,JUNGLE,FALSE,104,61,223,234
420,Illaoi,JUNGLE,FALSE,245,101,10,107
53,Blitzcrank,JUNGLE,FALSE,114,28,68,238
420,Illaoi,UTILITY,FALSE,79,126,58,20
420,Illaoi,MIDDLE,TRUE,104,103,10,20
420,Illaoi,TOP,FALSE,3,112,122,29
68,Rumble,TOP,FALSE,412,119,350,101
432,Bard,TOP,FALSE,50,235,69,40
14,Sion,TOP,FALSE,222,98,7,32
122,Darius,TOP,TRUE,235,360,245,43
13,Ryze,TOP,FALSE,63,114,8,76
555,Pyke,TOP,TRUE,58,875,89,145
555,Pyke,BOTTOM,FALSE,5,13,34,117
420,Illaoi,TOP,FALSE,141,38,92,121
120,Hecarim,MIDDLE,TRUE,75,126,41,68
120,Hecarim,MIDDLE,FALSE,266,38,74,11
53,Blitzcrank,MIDDLE,FALSE,114,120,164,234
74,Heimerdinger,JUNGLE,TRUE,104,236,516,234
119,Draven,MIDDLE,TRUE,67,76,14,234
5,XinZhao,MIDDLE,FALSE,92,157,10,421
120,Hecarim,JUNGLE,TRUE,16,7,164,131
120,Hecarim,JUNGLE,TRUE,412,126,166,245
53,Blitzcrank,MIDDLE,FALSE,98,141,111,35
74,Heimerdinger,JUNGLE,FALSE,64,112,13,91
74,Heimerdinger,JUNGLE,TRUE,56,39,223,59
74,Heimerdinger,MIDDLE,FALSE,51,56,122,245
16,Soraka,MIDDLE,TRUE,523,69,11,131
74,Heimerdinger,JUNGLE,TRUE,64,45,24,107
74,Heimerdinger,JUNGLE,TRUE,126,254,240,91
74,Heimerdinger,JUNGLE,FALSE,91,69,150,9
74,Heimerdinger,MIDDLE,TRUE,238,58,90,11
74,Heimerdinger,BOTTOM,TRUE,59,13,420,92
81,Ezreal,BOTTOM,FALSE,24,120,41,64
74,Heimerdinger,UTILITY,TRUE,121,112,85,113
555,Pyke,BOTTOM,TRUE,24,35,23,876
1,Annie,BOTTOM,FALSE,39,141,74,91
555,Pyke,BOTTOM,TRUE,164,76,122,234
68,Rumble,MIDDLE,FALSE,107,127,164,64
555,Pyke,BOTTOM,FALSE,164,235,266,79
555,Pyke,BOTTOM,TRUE,77,31,223,234
48,Trundle,TOP,FALSE,223,61,142,141
68,Rumble,TOP,TRUE,14,711,27,131
555,Pyke,UTILITY,TRUE,79,60,166,104
99,Lux,JUNGLE,TRUE,875,4,81,61
53,Blitzcrank,UTILITY,TRUE,6,120,429,102
1,Annie,UTILITY,TRUE,120,12,29,22
68,Rumble,UTILITY,TRUE,98,777,107,245
68,Rumble,UTILITY,TRUE,84,777,420,154
555,Pyke,UTILITY,TRUE,223,33,117,28
555,Pyke,UTILITY,TRUE,79,28,126,234
68,Rumble,UTILITY,FALSE,114,7,23,9
68,Rumble,UTILITY,FALSE,126,360,112,20
68,Rumble,UTILITY,TRUE,39,112,166,28
127,Lissandra,UTILITY,TRUE,92,203,78,245
429,Kalista,UTILITY,FALSE,164,141,58,131
69,Cassiopeia,UTILITY,FALSE,117,254,22,38
143,Zyra,UTILITY,TRUE,110,235,99,875
112,Viktor,UTILITY,FALSE,44,266,16,103
236,Lucian,UTILITY,TRUE,57,119,254,5
62,MonkeyKing,UTILITY,TRUE,117,61,42,39
3,Galio,UTILITY,TRUE,37,39,15,163
164,Camille,UTILITY,TRUE,27,18,161,245
429,Kalista,UTILITY,TRUE,82,64,58,35
412,Thresh,UTILITY,TRUE,223,121,41,113
202,Jhin,UTILITY,FALSE,39,35,126,67
69,Cassiopeia,UTILITY,FALSE,122,91,24,9
236,Lucian,UTILITY,TRUE,24,91,777,154
429,Kalista,UTILITY,TRUE,114,9,122,163
429,Kalista,MIDDLE,TRUE,85,121,104,245
236,Lucian,UTILITY,FALSE,875,5,54,91
69,Cassiopeia,UTILITY,FALSE,254,84,86,77
85,Kennen,MIDDLE,TRUE,111,141,164,104
412,Thresh,UTILITY,FALSE,875,141,75,74
104,Graves,UTILITY,TRUE,75,105,41,76
48,Trundle,MIDDLE,TRUE,875,56,114,64
43,Karma,UTILITY,FALSE,150,2,223,107
235,Senna,TOP,TRUE,50,76,62,104
43,Karma,UTILITY,TRUE,91,131,875,104
43,Karma,UTILITY,FALSE,84,234,24,876
43,Karma,UTILITY,FALSE,23,254,54,141
43,Karma,UTILITY,FALSE,420,30,79,107
57,Maokai,UTILITY,TRUE,92,203,10,56
43,Karma,UTILITY,FALSE,36,421,92,238
43,Karma,UTILITY,TRUE,14,91,223,76
48,Trundle,BOTTOM,FALSE,78,20,92,121
43,Karma,TOP,TRUE,14,20,166,876
48,Trundle,TOP,FALSE,777,64,62,44
43,Karma,BOTTOM,FALSE,48,245,86,104
48,Trundle,TOP,FALSE,105,121,106,59
48,Trundle,TOP,TRUE,17,59,55,121
235,Senna,BOTTOM,FALSE,98,121,83,238
43,Karma,BOTTOM,FALSE,126,78,85,29
43,Karma,BOTTOM,TRUE,126,9,14,32
43,Karma,BOTTOM,TRUE,92,121,39,76
526,Rell,BOTTOM,TRUE,122,145,84,107
526,Rell,TOP,TRUE,86,28,39,245
526,Rell,TOP,FALSE,8,120,98,2
526,Rell,TOP,TRUE,164,9,39,887
61,Orianna,TOP,FALSE,777,141,122,27
117,Lulu,BOTTOM,TRUE,58,154,122,5
526,Rell,BOTTOM,FALSE,58,421,113,5
61,Orianna,BOTTOM,TRUE,23,104,84,120
117,Lulu,BOTTOM,TRUE,875,104,17,28
526,Rell,BOTTOM,FALSE,84,104,126,48
61,Orianna,JUNGLE,FALSE,10,120,875,91
526,Rell,JUNGLE,TRUE,58,5,98,121
61,Orianna,UTILITY,TRUE,164,64,63,254
526,Rell,BOTTOM,FALSE,136,104,777,245
526,Rell,UTILITY,FALSE,104,9,164,121
526,Rell,JUNGLE,FALSE,887,60,84,120
526,Rell,JUNGLE,FALSE,10,35,164,72
526,Rell,JUNGLE,TRUE,55,35,107,29
117,Lulu,JUNGLE,FALSE,107,29,58,120
117,Lulu,JUNGLE,TRUE,240,234,62,121
22,Ashe,JUNGLE,TRUE,17,11,106,876
5,XinZhao,JUNGLE,TRUE,141,10,875,14
27,Singed,JUNGLE,FALSE,234,523,240,104
16,Soraka,JUNGLE,TRUE,31,104,78,59
111,Nautilus,JUNGLE,TRUE,64,14,114,31
27,Singed,JUNGLE,TRUE,64,110,85,28
113,Sejuani,JUNGLE,FALSE,555,9,98,77
104,Graves,JUNGLE,FALSE,41,19,23,78
22,Ashe,JUNGLE,TRUE,8,33,420,154
51,Caitlyn,MIDDLE,FALSE,84,56,875,11
12,Alistar,MIDDLE,FALSE,75,102,887,203
77,Udyr,TOP,FALSE,245,777,887,29
77,Udyr,TOP,FALSE,141,133,122,154
19,Warwick,TOP,TRUE,121,38,114,421
54,Malphite,JUNGLE,TRUE,48,72,81,11
119,Draven,JUNGLE,FALSE,420,3,122,104
134,Syndra,JUNGLE,FALSE,39,35,240,121
119,Draven,JUNGLE,FALSE,777,64,777,876
4,TwistedFate,JUNGLE,TRUE,36,56,711,245
96,KogMaw,JUNGLE,FALSE,14,154,48,141
77,Udyr,MIDDLE,FALSE,887,555,141,164
77,Udyr,MIDDLE,TRUE,43,7,887,64
77,Udyr,TOP,TRUE,62,20,266,54
77,Udyr,TOP,FALSE,41,20,27,10
63,Brand,TOP,FALSE,106,234,43,104
17,Teemo,TOP,TRUE,429,105,30,19
77,Udyr,MIDDLE,FALSE,777,142,875,28
77,Udyr,MIDDLE,FALSE,3,126,74,64
77,Udyr,MIDDLE,FALSE,777,103,92,48
77,Udyr,MIDDLE,FALSE,54,105,104,64
77,Udyr,MIDDLE,TRUE,17,39,85,79
77,Udyr,MIDDLE,FALSE,104,7,114,28
77,Udyr,MIDDLE,FALSE,157,711,58,254
77,Udyr,MIDDLE,FALSE,126,10,777,887
77,Udyr,MIDDLE,TRUE,36,1,75,234
77,Udyr,UTILITY,FALSE,223,1,58,104
77,Udyr,UTILITY,TRUE,10,555,777,104
77,Udyr,UTILITY,FALSE,23,777,122,60
77,Udyr,UTILITY,TRUE,36,8,86,56
77,Udyr,UTILITY,TRUE,39,7,48,104
85,Kennen,MIDDLE,TRUE,150,234,126,245
85,Kennen,UTILITY,TRUE,126,104,86,203
36,DrMundo,MIDDLE,FALSE,234,10,27,120
85,Kennen,MIDDLE,FALSE,20,18,54,421
85,Kennen,UTILITY,FALSE,64,4,17,5
21,MissFortune,MIDDLE,TRUE,50,7,777,28
21,MissFortune,MIDDLE,TRUE,875,131,106,104
107,Rengar,JUNGLE,TRUE,223,55,39,238
85,Kennen,MIDDLE,TRUE,62,777,24,35
85,Kennen,JUNGLE,FALSE,157,42,164,246
85,Kennen,JUNGLE,FALSE,84,103,54,427
85,Kennen,JUNGLE,TRUE,122,91,24,203
85,Kennen,JUNGLE,FALSE,23,76,432,91
85,Kennen,TOP,TRUE,203,8,34,254
85,Kennen,JUNGLE,TRUE,876,166,23,11
85,Kennen,JUNGLE,TRUE,80,19,24,107
85,Kennen,JUNGLE,TRUE,203,246,164,234
85,Kennen,JUNGLE,TRUE,875,203,114,48
85,Kennen,JUNGLE,FALSE,266,104,24,76
85,Kennen,JUNGLE,TRUE,517,120,54,876
711,Vex,JUNGLE,TRUE,98,427,201,875
1,Annie,JUNGLE,TRUE,157,154,62,246
1,Annie,JUNGLE,TRUE,23,30,34,104
1,Annie,JUNGLE,TRUE,98,141,122,9
1,Annie,JUNGLE,TRUE,126,141,164,20
1,Annie,MIDDLE,TRUE,114,64,19,59
16,Soraka,JUNGLE,FALSE,164,120,92,19
16,Soraka,JUNGLE,TRUE,164,30,150,28
16,Soraka,JUNGLE,TRUE,68,32,23,121
16,Soraka,TOP,TRUE,126,245,24,64
16,Soraka,TOP,TRUE,875,121,266,240
1,Annie,TOP,TRUE,75,245,164,163
16,Soraka,TOP,TRUE,14,141,875,104
1,Annie,TOP,FALSE,777,2,875,64
1,Annie,TOP,TRUE,875,421,777,203
57,Maokai,JUNGLE,FALSE,104,421,84,9
127,Lissandra,TOP,FALSE,10,245,517,33
1,Annie,JUNGLE,FALSE,11,64,86,876
421,RekSai,JUNGLE,FALSE,24,61,240,59
1,Annie,TOP,TRUE,59,21,17,234
120,Hecarim,TOP,FALSE,39,43,164,91
102,Shyvana,TOP,TRUE,114,246,126,234
102,Shyvana,TOP,TRUE,164,147,126,76
102,Shyvana,TOP,TRUE,223,68,164,91
102,Shyvana,TOP,TRUE,120,8,166,887
102,Shyvana,TOP,FALSE,36,142,114,120
245,Ekko,TOP,FALSE,79,127,164,154
120,Hecarim,TOP,FALSE,112,777,23,876
102,Shyvana,TOP,TRUE,126,134,107,91
102,Shyvana,TOP,FALSE,113,246,92,48
102,Shyvana,TOP,FALSE,85,711,104,30
102,Shyvana,TOP,FALSE,36,55,67,427
102,Shyvana,TOP,FALSE,8,246,78,245
102,Shyvana,TOP,TRUE,223,360,240,11
102,Shyvana,TOP,FALSE,82,74,92,76
102,Shyvana,MIDDLE,FALSE,887,777,8,9
102,Shyvana,TOP,FALSE,27,234,497,154
102,Shyvana,TOP,TRUE,24,105,164,234
102,Shyvana,JUNGLE,TRUE,24,18,85,238
102,Shyvana,TOP,TRUE,39,42,122,64
83,Yorick,TOP,FALSE,5,90,166,427
83,Yorick,TOP,FALSE,141,103,133,19
83,Yorick,TOP,FALSE,120,517,104,82
83,Yorick,TOP,FALSE,77,142,164,121
83,Yorick,TOP,TRUE,5,38,104,141
83,Yorick,TOP,TRUE,245,238,266,98
30,Karthus,TOP,FALSE,126,777,157,107
83,Yorick,MIDDLE,FALSE,35,112,114,104
30,Karthus,JUNGLE,FALSE,114,42,23,91
120,Hecarim,BOTTOM,TRUE,23,777,57,30
83,Yorick,BOTTOM,TRUE,76,127,82,120
83,Yorick,BOTTOM,FALSE,106,13,112,64
75,Nasus,BOTTOM,TRUE,245,236,14,121
83,Yorick,JUNGLE,FALSE,82,11,14,131
83,Yorick,BOTTOM,FALSE,32,238,122,421
83,Yorick,BOTTOM,TRUE,9,245,62,91
83,Yorick,JUNGLE,TRUE,28,166,240,107
83,Yorick,BOTTOM,TRUE,91,238,24,234
83,Yorick,JUNGLE,TRUE,104,50,48,120
83,Yorick,JUNGLE,TRUE,141,8,266,11
127,Lissandra,JUNGLE,TRUE,133,86,35,245
39,Irelia,BOTTOM,FALSE,30,69,104,64
887,Gwen,BOTTOM,FALSE,234,236,114,32
62,MonkeyKing,JUNGLE,FALSE,104,3,50,76
887,Gwen,BOTTOM,TRUE,203,62,102,121
887,Gwen,BOTTOM,FALSE,104,61,166,64
62,MonkeyKing,BOTTOM,TRUE,203,711,122,154
39,Irelia,BOTTOM,FALSE,164,131,114,104
39,Irelia,JUNGLE,FALSE,44,84,86,238
887,Gwen,JUNGLE,TRUE,91,555,92,876
78,Poppy,JUNGLE,TRUE,875,103,10,5
39,Irelia,TOP,FALSE,234,245,157,120
39,Irelia,MIDDLE,TRUE,876,777,86,120
39,Irelia,JUNGLE,TRUE,91,1,114,234
887,Gwen,JUNGLE,FALSE,154,42,126,82
62,MonkeyKing,JUNGLE,FALSE,78,112,104,141
62,MonkeyKing,JUNGLE,TRUE,421,84,6,64
887,Gwen,JUNGLE,TRUE,5,77,92,120
62,MonkeyKing,JUNGLE,TRUE,104,75,64,887
887,Gwen,JUNGLE,FALSE,126,35,85,64
113,Sejuani,JUNGLE,TRUE,777,157,106,107
29,Twitch,JUNGLE,TRUE,75,121,223,107
29,Twitch,JUNGLE,TRUE,516,35,19,20
29,Twitch,JUNGLE,TRUE,6,234,39,245
29,Twitch,JUNGLE,FALSE,875,120,62,11
113,Sejuani,JUNGLE,TRUE,875,157,62,17
29,Twitch,JUNGLE,TRUE,10,36,266,5
29,Twitch,JUNGLE,TRUE,27,9,54,234
113,Sejuani,BOTTOM,FALSE,122,84,36,91
29,Twitch,BOTTOM,FALSE,238,64,112,56
113,Sejuani,BOTTOM,FALSE,164,112,67,11
113,Sejuani,BOTTOM,TRUE,164,8,75,887
113,Sejuani,BOTTOM,FALSE,126,1,236,104
29,Twitch,BOTTOM,FALSE,57,59,39,254
29,Twitch,BOTTOM,TRUE,12,56,26,64
113,Sejuani,BOTTOM,FALSE,777,412,74,81
29,Twitch,BOTTOM,TRUE,8,19,11,120
29,Twitch,BOTTOM,TRUE,122,64,112,120
29,Twitch,BOTTOM,TRUE,266,141,223,432
29,Twitch,MIDDLE,TRUE,24,60,161,104
421,RekSai,BOTTOM,TRUE,105,166,1,203
421,RekSai,BOTTOM,TRUE,126,103,164,79
421,RekSai,BOTTOM,TRUE,75,69,92,91
54,Malphite,BOTTOM,TRUE,246,48,166,234
42,Corki,MIDDLE,FALSE,39,104,122,20
421,RekSai,BOTTOM,TRUE,41,163,39,77
421,RekSai,BOTTOM,FALSE,92,7,126,104
421,RekSai,BOTTOM,TRUE,24,105,777,91
245,Ekko,TOP,TRUE,92,166,10,120
154,Zac,TOP,TRUE,266,157,164,64
421,RekSai,TOP,TRUE,84,246,91,17
234,Viego,TOP,FALSE,69,166,164,29
421,RekSai,TOP,TRUE,777,131,887,19
421,RekSai,UTILITY,TRUE,104,55,86,20
421,RekSai,TOP,TRUE,85,166,234,20
421,RekSai,TOP,TRUE,166,101,17,64
421,RekSai,TOP,TRUE,54,101,41,53
421,RekSai,TOP,TRUE,36,69,79,60
154,Zac,TOP,FALSE,777,157,126,64
421,RekSai,TOP,TRUE,266,68,126,120
15,Sivir,UTILITY,TRUE,78,120,41,154
15,Sivir,TOP,TRUE,86,246,79,238
15,Sivir,TOP,FALSE,25,104,114,234
15,Sivir,MIDDLE,TRUE,114,104,23,120
15,Sivir,MIDDLE,TRUE,126,64,875,2
15,Sivir,MIDDLE,FALSE,266,30,6,120
15,Sivir,MIDDLE,TRUE,92,104,517,64
51,Caitlyn,MIDDLE,FALSE,266,141,875,72
15,Sivir,MIDDLE,FALSE,266,19,62,203
236,Lucian,BOTTOM,FALSE,86,35,164,104
51,Caitlyn,MIDDLE,TRUE,8,120,266,121
54,Malphite,TOP,TRUE,114,30,39,64
51,Caitlyn,MIDDLE,FALSE,223,427,75,141
51,Caitlyn,MIDDLE,FALSE,54,203,23,30
15,Sivir,MIDDLE,FALSE,23,91,887,234
51,Caitlyn,MIDDLE,FALSE,516,77,112,120
54,Malphite,TOP,TRUE,157,245,106,28
51,Caitlyn,BOTTOM,TRUE,24,20,39,121
51,Caitlyn,MIDDLE,FALSE,114,234,875,77
51,Caitlyn,TOP,TRUE,875,141,777,20
150,Gnar,MIDDLE,FALSE,79,166,126,876
166,Akshan,JUNGLE,FALSE,141,126,112,104
164,Camille,JUNGLE,TRUE,234,126,112,64
114,Fiora,TOP,FALSE,18,7,266,76
166,Akshan,TOP,FALSE,64,101,164,203
79,Gragas,TOP,FALSE,234,516,64,126
42,Corki,JUNGLE,TRUE,350,59,7,145
429,Kalista,JUNGLE,TRUE,202,266,5,360
166,Akshan,TOP,FALSE,104,55,23,64
114,Fiora,JUNGLE,TRUE,68,555,7,53
164,Camille,JUNGLE,TRUE,57,134,40,115
164,Camille,JUNGLE,TRUE,64,42,166,5
887,Gwen,TOP,TRUE,91,166,62,104
23,Tryndamere,JUNGLE,FALSE,76,166,78,80
360,Samira,JUNGLE,FALSE,53,131,43,5
59,JarvanIV,JUNGLE,TRUE,223,9,517,5
150,Gnar,JUNGLE,FALSE,5,517,266,234
126,Jayce,JUNGLE,FALSE,76,13,85,203
875,Sett,JUNGLE,FALSE,104,245,23,68
150,Gnar,JUNGLE,FALSE,234,5,114,59
13,Ryze,TOP,FALSE,103,234,62,238
13,Ryze,MIDDLE,FALSE,164,234,266,9
13,Ryze,JUNGLE,FALSE,98,234,150,246
13,Ryze,JUNGLE,TRUE,266,104,39,120
13,Ryze,JUNGLE,TRUE,266,121,887,5
13,Ryze,JUNGLE,TRUE,24,154,112,78
5,XinZhao,JUNGLE,TRUE,203,74,63,50
13,Ryze,JUNGLE,TRUE,98,78,164,76
13,Ryze,JUNGLE,FALSE,223,64,98,9
13,Ryze,JUNGLE,TRUE,104,28,98,59
13,Ryze,JUNGLE,TRUE,91,101,74,64
13,Ryze,JUNGLE,TRUE,126,77,10,141
13,Ryze,JUNGLE,FALSE,516,76,41,163
13,Ryze,JUNGLE,TRUE,98,91,62,64
13,Ryze,JUNGLE,FALSE,41,107,92,44
254,Vi,JUNGLE,TRUE,64,91,164,29
13,Ryze,JUNGLE,FALSE,62,64,234,107
13,Ryze,JUNGLE,TRUE,6,59,164,77
131,Diana,TOP,TRUE,104,126,240,234
13,Ryze,JUNGLE,FALSE,164,421,887,246
33,Rammus,UTILITY,TRUE,41,13,19,5
33,Rammus,UTILITY,TRUE,23,119,75,5
80,Pantheon,UTILITY,TRUE,77,166,420,48
516,Ornn,MIDDLE,FALSE,91,246,92,35
516,Ornn,MIDDLE,TRUE,5,4,41,154
33,Rammus,UTILITY,TRUE,777,99,39,11
33,Rammus,UTILITY,TRUE,164,268,266,91
33,Rammus,MIDDLE,TRUE,421,112,126,234
33,Rammus,MIDDLE,TRUE,36,8,41,876
33,Rammus,UTILITY,FALSE,24,166,164,141
33,Rammus,UTILITY,TRUE,80,246,517,234
33,Rammus,MIDDLE,TRUE,234,105,24,60
33,Rammus,UTILITY,TRUE,114,246,10,107
33,Rammus,MIDDLE,TRUE,29,711,10,20
33,Rammus,MIDDLE,FALSE,69,246,44,120
33,Rammus,BOTTOM,TRUE,223,238,92,25
154,Zac,MIDDLE,FALSE,24,517,164,104
154,Zac,MIDDLE,TRUE,875,50,92,64
33,Rammus,UTILITY,TRUE,67,777,875,19
240,Kled,JUNGLE,FALSE,876,777,114,234
23,Tryndamere,JUNGLE,TRUE,420,245,266,30
246,Qiyana,UTILITY,FALSE,266,99,126,58
60,Elise,UTILITY,TRUE,875,112,114,64
60,Elise,UTILITY,TRUE,6,246,39,28
60,Elise,UTILITY,TRUE,41,777,887,234
60,Elise,UTILITY,TRUE,6,234,266,120
60,Elise,UTILITY,TRUE,36,517,203,76
60,Elise,UTILITY,FALSE,62,99,72,245
60,Elise,UTILITY,TRUE,777,157,516,20
60,Elise,UTILITY,TRUE,84,104,6,245
60,Elise,UTILITY,TRUE,122,104,875,91
60,Elise,UTILITY,TRUE,126,246,31,427
60,Elise,UTILITY,TRUE,58,142,141,121
60,Elise,UTILITY,TRUE,62,238,166,427
2,Olaf,UTILITY,TRUE,41,91,62,33
104,Graves,UTILITY,TRUE,223,157,10,35
60,Elise,UTILITY,TRUE,84,246,6,104
85,Kennen,UTILITY,FALSE,107,111,98,91
60,Elise,UTILITY,TRUE,126,234,246,76
350,Yuumi,UTILITY,FALSE,98,120,875,141
111,Nautilus,UTILITY,FALSE,164,238,17,102
53,Blitzcrank,JUNGLE,FALSE,114,64,38,104
3,Galio,JUNGLE,FALSE,92,59,164,163
3,Galio,JUNGLE,TRUE,6,104,126,28
53,Blitzcrank,JUNGLE,TRUE,10,107,62,141
53,Blitzcrank,JUNGLE,FALSE,41,20,223,64
3,Galio,JUNGLE,FALSE,126,104,30,60
3,Galio,JUNGLE,TRUE,875,102,79,104
12,Alistar,JUNGLE,FALSE,39,30,114,20
12,Alistar,JUNGLE,FALSE,86,246,79,234
711,Vex,JUNGLE,FALSE,64,107,86,35
12,Alistar,JUNGLE,TRUE,777,234,42,20
3,Galio,JUNGLE,TRUE,84,104,36,9
3,Galio,JUNGLE,FALSE,92,5,58,9
360,Samira,JUNGLE,TRUE,31,1,51,91
3,Galio,JUNGLE,TRUE,240,60,164,246
3,Galio,JUNGLE,TRUE,78,121,112,30
37,Sona,JUNGLE,FALSE,875,203,201,20
91,Talon,JUNGLE,FALSE,126,42,85,19
91,Talon,UTILITY,FALSE,777,42,111,104
201,Braum,BOTTOM,FALSE,92,32,266,59
201,Braum,BOTTOM,FALSE,41,76,887,104
201,Braum,UTILITY,TRUE,41,246,112,120
201,Braum,UTILITY,TRUE,24,48,777,19
53,Blitzcrank,BOTTOM,FALSE,131,121,126,154
99,Lux,BOTTOM,FALSE,777,20,131,120
25,Morgana,BOTTOM,TRUE,17,141,104,154
201,Braum,BOTTOM,TRUE,75,33,10,234
201,Braum,BOTTOM,FALSE,17,44,14,33
25,Morgana,BOTTOM,TRUE,62,28,39,56
201,Braum,UTILITY,TRUE,10,154,1,131
201,Braum,BOTTOM,TRUE,127,104,875,131
201,Braum,BOTTOM,TRUE,31,64,8,20
53,Blitzcrank,UTILITY,TRUE,86,91,84,120
201,Braum,BOTTOM,TRUE,517,203,104,72
201,Braum,BOTTOM,TRUE,517,91,85,44
201,Braum,BOTTOM,TRUE,10,59,86,876
25,Morgana,BOTTOM,TRUE,86,245,166,30
25,Morgana,BOTTOM,FALSE,777,234,875,20
53,Blitzcrank,BOTTOM,TRUE,41,876,114,19
102,Shyvana,JUNGLE,TRUE,53,234,21,104
92,Riven,BOTTOM,FALSE,516,8,110,48
30,Karthus,BOTTOM,TRUE,266,875,126,141
30,Karthus,BOTTOM,TRUE,14,145,150,421
30,Karthus,BOTTOM,TRUE,122,80,82,120
30,Karthus,BOTTOM,TRUE,14,45,164,141
30,Karthus,BOTTOM,TRUE,266,39,24,163
104,Graves,BOTTOM,TRUE,234,245,875,30
104,Graves,MIDDLE,TRUE,14,516,84,91
91,Talon,UTILITY,TRUE,122,42,39,28
30,Karthus,UTILITY,TRUE,122,14,27,11
30,Karthus,BOTTOM,TRUE,14,777,223,234
30,Karthus,MIDDLE,TRUE,875,31,39,28
30,Karthus,MIDDLE,TRUE,122,238,126,104
104,Graves,BOTTOM,TRUE,82,777,41,121
30,Karthus,BOTTOM,FALSE,122,14,222,875
91,Talon,BOTTOM,TRUE,54,104,133,5
30,Karthus,UTILITY,TRUE,875,64,246,104
91,Talon,BOTTOM,TRUE,122,56,266,64
30,Karthus,UTILITY,FALSE,107,127,41,104
99,Lux,UTILITY,TRUE,516,107,92,234
96,KogMaw,UTILITY,TRUE,75,91,92,120
96,KogMaw,UTILITY,FALSE,266,30,114,28
99,Lux,UTILITY,FALSE,39,234,122,28
99,Lux,UTILITY,TRUE,777,78,38,76
96,KogMaw,UTILITY,TRUE,19,163,114,76
96,KogMaw,UTILITY,TRUE,266,104,6,64
96,KogMaw,UTILITY,TRUE,39,78,777,77
96,KogMaw,UTILITY,TRUE,64,266,114,203
96,KogMaw,UTILITY,TRUE,19,104,58,113
96,KogMaw,UTILITY,TRUE,23,106,92,104
99,Lux,UTILITY,TRUE,104,2,41,76
96,KogMaw,UTILITY,TRUE,117,48,92,77
96,KogMaw,UTILITY,FALSE,114,245,85,59
99,Lux,UTILITY,FALSE,875,421,50,64
96,KogMaw,UTILITY,FALSE,39,32,23,234
96,KogMaw,TOP,TRUE,150,120,126,141
96,KogMaw,MIDDLE,TRUE,98,121,164,59
96,KogMaw,MIDDLE,FALSE,92,238,114,141
96,KogMaw,TOP,TRUE,92,9,107,121
115,Ziggs,MIDDLE,TRUE,14,141,164,131
254,Vi,TOP,TRUE,266,45,126,59
115,Ziggs,TOP,TRUE,36,131,266,104
115,Ziggs,TOP,TRUE,126,121,164,234
115,Ziggs,TOP,FALSE,112,120,41,246
115,Ziggs,TOP,FALSE,39,56,62,28
115,Ziggs,TOP,FALSE,114,28,67,20
115,Ziggs,TOP,TRUE,11,64,114,2
115,Ziggs,TOP,TRUE,266,76,99,36
115,Ziggs,TOP,TRUE,240,141,55,121
201,Braum,TOP,FALSE,84,2,58,64
101,Xerath,TOP,FALSE,240,234,164,104
115,Ziggs,TOP,FALSE,223,234,67,28
115,Ziggs,TOP,FALSE,24,120,223,28
115,Ziggs,TOP,FALSE,24,64,14,104
115,Ziggs,TOP,TRUE,164,121,98,19
115,Ziggs,JUNGLE,FALSE,17,141,114,120
115,Ziggs,JUNGLE,TRUE,240,35,79,5
101,Xerath,JUNGLE,TRUE,84,59,887,77
115,Ziggs,JUNGLE,TRUE,164,203,98,64
161,Velkoz,JUNGLE,FALSE,54,59,114,11
161,Velkoz,JUNGLE,FALSE,41,120,517,234
161,Velkoz,JUNGLE,TRUE,86,79,122,121
161,Velkoz,JUNGLE,TRUE,122,154,92,120
161,Velkoz,JUNGLE,TRUE,86,420,27,64
29,Twitch,JUNGLE,TRUE,54,5,24,79
29,Twitch,JUNGLE,TRUE,92,60,10,11
161,Velkoz,JUNGLE,TRUE,39,76,84,246
161,Velkoz,JUNGLE,TRUE,223,5,86,202
161,Velkoz,JUNGLE,TRUE,122,64,48,104
161,Velkoz,JUNGLE,FALSE,266,246,36,72
161,Velkoz,JUNGLE,FALSE,54,64,126,121
102,Shyvana,JUNGLE,FALSE,4,19,121,90
161,Velkoz,JUNGLE,FALSE,24,121,887,238
154,Zac,JUNGLE,TRUE,8,42,142,23
24,Jax,JUNGLE,TRUE,235,43,15,51
161,Velkoz,JUNGLE,FALSE,164,107,79,245
161,Velkoz,MIDDLE,TRUE,114,120,85,104
161,Velkoz,TOP,FALSE,72,76,14,56
161,Velkoz,TOP,TRUE,39,203,84,104
6,Urgot,MIDDLE,TRUE,20,112,85,120
8,Vladimir,JUNGLE,TRUE,516,203,39,19
8,Vladimir,MIDDLE,FALSE,420,120,39,64
8,Vladimir,MIDDLE,TRUE,30,81,122,64
8,Vladimir,TOP,TRUE,235,164,56,222
8,Vladimir,MIDDLE,TRUE,104,25,72,77
6,Urgot,MIDDLE,TRUE,48,711,164,5
6,Urgot,MIDDLE,TRUE,131,711,114,5
6,Urgot,UTILITY,TRUE,64,42,106,234
23,Tryndamere,MIDDLE,TRUE,427,61,39,33
23,Tryndamere,MIDDLE,TRUE,427,42,76,79
6,Urgot,TOP,FALSE,234,112,223,427
6,Urgot,MIDDLE,FALSE,234,711,157,91
6,Urgot,MIDDLE,FALSE,64,517,78,203
6,Urgot,MIDDLE,TRUE,154,245,62,254
6,Urgot,MIDDLE,FALSE,154,142,78,35
6,Urgot,UTILITY,TRUE,106,131,777,28
6,Urgot,UTILITY,FALSE,421,103,41,234
6,Urgot,UTILITY,FALSE,60,112,41,59
6,Urgot,UTILITY,TRUE,64,105,122,60
234,Viego,UTILITY,FALSE,31,84,19,203
56,Nocturne,BOTTOM,TRUE,19,4,150,203
56,Nocturne,BOTTOM,TRUE,777,136,104,64
107,Rengar,UTILITY,FALSE,887,777,150,154
121,Khazix,BOTTOM,TRUE,234,39,246,164
107,Rengar,BOTTOM,TRUE,126,147,164,64
56,Nocturne,UTILITY,FALSE,240,34,72,30
56,Nocturne,UTILITY,FALSE,114,13,39,60
56,Nocturne,TOP,TRUE,54,711,126,234
56,Nocturne,BOTTOM,FALSE,875,711,10,77
56,Nocturne,BOTTOM,TRUE,131,58,164,64
56,Nocturne,BOTTOM,FALSE,223,518,164,104
56,Nocturne,BOTTOM,FALSE,104,142,164,254
56,Nocturne,BOTTOM,FALSE,58,268,122,64
56,Nocturne,BOTTOM,FALSE,24,45,122,154
56,Nocturne,BOTTOM,TRUE,86,105,58,154
56,Nocturne,UTILITY,TRUE,150,7,223,234
107,Rengar,UTILITY,FALSE,86,268,240,91
107,Rengar,UTILITY,FALSE,266,112,164,64
56,Nocturne,JUNGLE,TRUE,92,777,1,91
120,Hecarim,UTILITY,TRUE,104,105,86,64
127,Lissandra,TOP,FALSE,41,64,516,20
48,Trundle,UTILITY,TRUE,20,69,74,141
127,Lissandra,JUNGLE,FALSE,35,245,14,64
127,Lissandra,BOTTOM,FALSE,78,20,82,141
120,Hecarim,UTILITY,FALSE,126,1,166,104
127,Lissandra,UTILITY,TRUE,14,141,164,131
127,Lissandra,UTILITY,TRUE,39,104,86,64
127,Lissandra,MIDDLE,FALSE,91,1,39,234
127,Lissandra,UTILITY,TRUE,223,121,78,238
127,Lissandra,UTILITY,FALSE,777,60,240,104
127,Lissandra,UTILITY,TRUE,126,64,86,102
53,Blitzcrank,UTILITY,TRUE,86,64,114,238
517,Sylas,UTILITY,TRUE,98,59,133,254
517,Sylas,TOP,FALSE,107,33,157,59
517,Sylas,TOP,FALSE,266,91,126,120
517,Sylas,TOP,TRUE,41,121,887,141
127,Lissandra,TOP,TRUE,126,120,54,234
517,Sylas,TOP,FALSE,86,44,122,120
127,Lissandra,TOP,FALSE,887,234,126,91
61,Orianna,UTILITY,FALSE,875,20,777,104
61,Orianna,TOP,TRUE,98,59,82,203
235,Senna,TOP,TRUE,31,104,114,421
235,Senna,UTILITY,TRUE,114,104,58,120
235,Senna,TOP,FALSE,36,19,875,11
235,Senna,TOP,FALSE,27,141,92,254
235,Senna,MIDDLE,FALSE,82,80,44,104
61,Orianna,TOP,TRUE,266,113,27,154
61,Orianna,UTILITY,TRUE,41,107,6,104
61,Orianna,TOP,TRUE,133,141,86,246
61,Orianna,TOP,FALSE,133,876,64,102
61,Orianna,TOP,TRUE,64,104,27,92
203,Kindred,TOP,FALSE,32,38,112,421
61,Orianna,TOP,FALSE,41,35,58,104
61,Orianna,UTILITY,TRUE,234,35,82,121
61,Orianna,UTILITY,TRUE,39,245,24,234
61,Orianna,JUNGLE,FALSE,164,101,115,427
61,Orianna,JUNGLE,FALSE,10,166,134,48
61,Orianna,JUNGLE,TRUE,133,164,62,245
61,Orianna,TOP,TRUE,14,91,85,245
711,Vex,UTILITY,FALSE,104,33,39,63
555,Pyke,MIDDLE,FALSE,141,9,6,17
142,Zoe,UTILITY,FALSE,777,64,10,5
32,Amumu,UTILITY,FALSE,777,103,17,19
142,Zoe,UTILITY,TRUE,92,238,266,64
112,Viktor,UTILITY,FALSE,31,777,43,19
161,Velkoz,UTILITY,TRUE,150,246,6,254
9,FiddleSticks,UTILITY,TRUE,223,133,133,86
498,Xayah,UTILITY,FALSE,875,4,48,120
147,Seraphine,UTILITY,FALSE,223,245,40,234
142,Zoe,UTILITY,FALSE,36,35,223,102
142,Zoe,UTILITY,FALSE,54,104,85,64
99,Lux,JUNGLE,FALSE,85,141,41,20
142,Zoe,JUNGLE,FALSE,19,104,6,64
142,Zoe,JUNGLE,TRUE,79,120,875,203
142,Zoe,JUNGLE,TRUE,223,9,31,35
142,Zoe,JUNGLE,FALSE,79,107,133,120
268,Azir,MIDDLE,TRUE,126,517,30,76
142,Zoe,JUNGLE,FALSE,516,104,875,11
142,Zoe,MIDDLE,TRUE,86,9,30,887
516,Ornn,JUNGLE,TRUE,234,421,887,238
516,Ornn,JUNGLE,TRUE,9,246,517,48
164,Camille,JUNGLE,TRUE,20,157,86,120
516,Ornn,JUNGLE,TRUE,20,517,41,64
516,Ornn,JUNGLE,TRUE,29,68,98,517
98,Shen,JUNGLE,FALSE,99,81,360,10
163,Taliyah,JUNGLE,FALSE,523,234,122,121
23,Tryndamere,JUNGLE,FALSE,35,10,31,121
777,Yone,JUNGLE,TRUE,120,81,98,235
89,Leona,MIDDLE,FALSE,157,72,98,64
516,Ornn,JUNGLE,FALSE,8,104,875,64
516,Ornn,JUNGLE,TRUE,2,238,27,120
164,Camille,JUNGLE,FALSE,122,141,58,120
516,Ornn,JUNGLE,TRUE,238,4,41,104
89,Leona,JUNGLE,TRUE,39,35,41,104
164,Camille,JUNGLE,TRUE,28,126,875,876
104,Graves,JUNGLE,FALSE,360,526,99,145
516,Ornn,JUNGLE,FALSE,238,157,126,20
516,Ornn,JUNGLE,FALSE,17,43,68,104
164,Camille,JUNGLE,FALSE,76,711,104,141
53,Blitzcrank,JUNGLE,TRUE,6,427,121,35
53,Blitzcrank,JUNGLE,TRUE,14,121,266,11
32,Amumu,JUNGLE,FALSE,126,75,36,141
32,Amumu,JUNGLE,FALSE,39,112,35,104
32,Amumu,JUNGLE,FALSE,164,112,223,28
27,Singed,JUNGLE,FALSE,19,246,79,121
53,Blitzcrank,JUNGLE,FALSE,126,104,41,35
518,Neeko,JUNGLE,FALSE,98,121,112,141
43,Karma,JUNGLE,FALSE,34,121,24,79
53,Blitzcrank,JUNGLE,FALSE,516,77,112,120
53,Blitzcrank,JUNGLE,TRUE,17,91,84,245
53,Blitzcrank,JUNGLE,TRUE,41,68,78,104
53,Blitzcrank,JUNGLE,FALSE,23,64,39,44
53,Blitzcrank,JUNGLE,FALSE,79,9,36,163
12,Alistar,MIDDLE,TRUE,84,122,92,79
53,Blitzcrank,MIDDLE,TRUE,23,234,114,64
53,Blitzcrank,MIDDLE,TRUE,78,154,86,91
37,Sona,MIDDLE,TRUE,41,141,98,20
5,XinZhao,JUNGLE,TRUE,122,102,517,104
32,Amumu,MIDDLE,FALSE,24,7,62,20
9,FiddleSticks,JUNGLE,FALSE,240,42,166,76
9,FiddleSticks,JUNGLE,FALSE,126,517,114,234
9,FiddleSticks,MIDDLE,FALSE,164,238,19,91
111,Nautilus,JUNGLE,FALSE,84,104,98,76
9,FiddleSticks,MIDDLE,FALSE,98,236,875,64
111,Nautilus,MIDDLE,FALSE,164,234,19,245
59,JarvanIV,MIDDLE,FALSE,150,84,164,7
9,FiddleSticks,JUNGLE,FALSE,69,77,98,245
9,FiddleSticks,MIDDLE,FALSE,240,101,166,104
9,FiddleSticks,MIDDLE,FALSE,166,7,112,141
64,LeeSin,JUNGLE,FALSE,126,67,62,203
9,FiddleSticks,MIDDLE,TRUE,19,166,114,35
9,FiddleSticks,MIDDLE,FALSE,34,238,777,120
9,FiddleSticks,JUNGLE,TRUE,92,777,166,91
120,Hecarim,TOP,FALSE,166,92,6,203
91,Talon,JUNGLE,FALSE,245,517,54,104
9,FiddleSticks,MIDDLE,TRUE,164,91,126,517
9,FiddleSticks,TOP,TRUE,164,246,3,91
9,FiddleSticks,TOP,TRUE,126,777,157,2
25,Morgana,TOP,TRUE,19,711,23,166
238,Zed,TOP,TRUE,84,99,246,131
28,Evelynn,MIDDLE,FALSE,114,84,68,238
238,Zed,BOTTOM,FALSE,122,13,157,245
28,Evelynn,BOTTOM,TRUE,92,157,10,60
32,Amumu,TOP,TRUE,98,126,777,5
238,Zed,TOP,FALSE,98,245,92,154
121,Khazix,MIDDLE,FALSE,166,112,75,131
32,Amumu,TOP,TRUE,166,8,36,104
28,Evelynn,TOP,TRUE,6,50,266,246
28,Evelynn,TOP,FALSE,164,203,6,91
28,Evelynn,TOP,TRUE,54,777,24,421
28,Evelynn,BOTTOM,FALSE,157,777,245,113
28,Evelynn,MIDDLE,FALSE,420,246,6,76
28,Evelynn,BOTTOM,FALSE,134,126,74,254
28,Evelynn,MIDDLE,TRUE,23,238,63,246
28,Evelynn,MIDDLE,FALSE,39,238,1,121
28,Evelynn,BOTTOM,TRUE,75,23,126,246
30,Karthus,BOTTOM,FALSE,23,238,6,120
120,Hecarim,MIDDLE,TRUE,114,103,54,245
121,Khazix,MIDDLE,FALSE,112,58,80,28
105,Fizz,BOTTOM,TRUE,98,131,517,64
105,Fizz,BOTTOM,TRUE,266,876,27,76
105,Fizz,MIDDLE,FALSE,166,60,523,64
105,Fizz,MIDDLE,FALSE,48,113,516,154
68,Rumble,BOTTOM,FALSE,92,238,122,37
105,Fizz,MIDDLE,TRUE,119,64,17,238
141,Kayn,MIDDLE,FALSE,266,112,79,120
141,Kayn,MIDDLE,FALSE,11,69,240,104
105,Fizz,MIDDLE,FALSE,24,2,157,48
141,Kayn,MIDDLE,TRUE,112,777,6,64
105,Fizz,MIDDLE,FALSE,114,245,31,234
105,Fizz,MIDDLE,FALSE,67,238,126,64
105,Fizz,MIDDLE,FALSE,19,121,164,60
5,XinZhao,BOTTOM,FALSE,24,112,122,19
105,Fizz,MIDDLE,FALSE,875,20,24,28
105,Fizz,BOTTOM,TRUE,39,154,126,64
5,XinZhao,BOTTOM,TRUE,6,4,164,64
85,Kennen,BOTTOM,FALSE,104,234,39,68
105,Fizz,BOTTOM,TRUE,78,64,126,30
141,Kayn,BOTTOM,FALSE,126,1,24,113
30,Karthus,BOTTOM,TRUE,51,412,101,22
266,Aatrox,BOTTOM,FALSE,22,64,24,120
64,LeeSin,BOTTOM,FALSE,10,518,41,234
58,Renekton,BOTTOM,FALSE,19,201,164,154
112,Viktor,MIDDLE,TRUE,120,18,114,141
58,Renekton,BOTTOM,TRUE,60,238,126,120
79,Gragas,BOTTOM,FALSE,43,202,15,26
266,Aatrox,BOTTOM,TRUE,64,711,6,131
58,Renekton,BOTTOM,FALSE,234,42,92,64
141,Kayn,BOTTOM,FALSE,25,121,12,11
236,Lucian,BOTTOM,TRUE,31,104,106,29
202,Jhin,BOTTOM,TRUE,223,107,24,876
67,Vayne,BOTTOM,TRUE,111,517,10,42
31,Chogath,BOTTOM,FALSE,120,133,54,203
58,Renekton,BOTTOM,TRUE,20,68,875,234
58,Renekton,BOTTOM,FALSE,8,30,67,234
31,Chogath,BOTTOM,TRUE,121,517,54,30
58,Renekton,JUNGLE,TRUE,44,166,126,104
266,Aatrox,BOTTOM,TRUE,234,112,240,120
85,Kennen,BOTTOM,TRUE,203,238,10,64
22,Ashe,BOTTOM,TRUE,122,64,86,203
69,Cassiopeia,BOTTOM,FALSE,58,777,122,238
69,Cassiopeia,BOTTOM,FALSE,266,64,39,120
69,Cassiopeia,BOTTOM,TRUE,41,5,62,104
69,Cassiopeia,BOTTOM,TRUE,24,238,39,106
22,Ashe,BOTTOM,TRUE,223,91,92,107
67,Vayne,BOTTOM,FALSE,41,234,84,64
69,Cassiopeia,BOTTOM,FALSE,104,121,122,102
69,Cassiopeia,BOTTOM,TRUE,76,234,126,14
22,Ashe,BOTTOM,TRUE,122,28,39,234
145,Kaisa,BOTTOM,FALSE,164,234,54,28
61,Orianna,TOP,FALSE,150,59,62,5
69,Cassiopeia,TOP,TRUE,420,64,114,5
22,Ashe,TOP,TRUE,68,246,420,104
69,Cassiopeia,TOP,TRUE,92,121,122,154
69,Cassiopeia,TOP,TRUE,35,60,266,120
84,Akali,TOP,TRUE,777,238,6,60
777,Yone,TOP,FALSE,875,9,39,141
777,Yone,TOP,TRUE,10,5,164,64
84,Akali,TOP,FALSE,777,121,875,203
110,Varus,UTILITY,FALSE,166,9,122,19
110,Varus,TOP,TRUE,166,27,24,107
110,Varus,TOP,TRUE,92,91,41,72
110,Varus,TOP,FALSE,234,120,777,876
110,Varus,TOP,FALSE,41,64,236,120
110,Varus,TOP,TRUE,516,91,875,35
110,Varus,TOP,TRUE,23,154,98,59
110,Varus,TOP,FALSE,67,106,114,28
110,Varus,UTILITY,TRUE,266,887,164,141
110,Varus,TOP,TRUE,86,234,23,48
110,Varus,JUNGLE,TRUE,10,876,516,76
110,Varus,MIDDLE,FALSE,23,246,875,5
110,Varus,MIDDLE,FALSE,114,64,266,203
110,Varus,MIDDLE,TRUE,23,141,82,22
110,Varus,UTILITY,TRUE,48,104,36,64
110,Varus,JUNGLE,FALSE,6,9,875,104
110,Varus,MIDDLE,TRUE,39,246,240,234
110,Varus,TOP,FALSE,80,56,887,104
110,Varus,TOP,TRUE,164,203,8,5
110,Varus,TOP,FALSE,131,141,54,234
498,Xayah,JUNGLE,TRUE,17,102,164,238
498,Xayah,JUNGLE,FALSE,92,245,126,64
498,Xayah,TOP,FALSE,59,121,91,246
498,Xayah,JUNGLE,TRUE,72,28,107,11
498,Xayah,JUNGLE,FALSE,31,268,875,121
498,Xayah,JUNGLE,FALSE,78,121,107,427
64,LeeSin,UTILITY,FALSE,266,222,164,5
498,Xayah,UTILITY,TRUE,17,121,8,887
498,Xayah,UTILITY,TRUE,92,876,516,121
236,Lucian,UTILITY,FALSE,23,79,240,64
498,Xayah,UTILITY,TRUE,113,234,517,76
498,Xayah,UTILITY,TRUE,223,234,126,876
498,Xayah,UTILITY,TRUE,23,64,104,78
51,Caitlyn,UTILITY,FALSE,45,85,777,9
236,Lucian,UTILITY,TRUE,54,13,7,421
498,Xayah,MIDDLE,FALSE,19,99,63,19
498,Xayah,UTILITY,TRUE,68,141,92,31
110,Varus,UTILITY,TRUE,875,154,34,102
498,Xayah,UTILITY,TRUE,246,32,41,104
145,Kaisa,UTILITY,FALSE,41,246,85,23
126,Jayce,UTILITY,FALSE,24,266,85,203
31,Chogath,UTILITY,TRUE,64,68,114,19
6,Urgot,UTILITY,TRUE,64,38,75,234
31,Chogath,UTILITY,TRUE,120,38,14,64
887,Gwen,UTILITY,TRUE,99,267,80,876
6,Urgot,UTILITY,TRUE,104,163,875,107
6,Urgot,UTILITY,TRUE,64,112,48,234
6,Urgot,UTILITY,TRUE,91,1,39,154
31,Chogath,UTILITY,FALSE,113,38,122,19
31,Chogath,UTILITY,TRUE,234,134,6,104
89,Leona,BOTTOM,TRUE,154,55,14,141
6,Urgot,BOTTOM,TRUE,20,1,164,9
126,Jayce,BOTTOM,FALSE,104,103,68,106
126,Jayce,MIDDLE,FALSE,11,99,85,48
31,Chogath,MIDDLE,FALSE,876,157,164,20
31,Chogath,BOTTOM,FALSE,121,112,92,30
48,Trundle,BOTTOM,FALSE,60,38,875,91
6,Urgot,MIDDLE,FALSE,141,23,72,91
89,Leona,BOTTOM,FALSE,114,104,777,9
48,Trundle,BOTTOM,TRUE,234,34,39,59
254,Vi,BOTTOM,TRUE,887,166,131,41
90,Malzahar,BOTTOM,TRUE,23,234,164,11
90,Malzahar,MIDDLE,TRUE,15,164,41,711
90,Malzahar,MIDDLE,FALSE,875,48,223,131
267,Nami,BOTTOM,FALSE,236,121,126,78
254,Vi,BOTTOM,TRUE,10,143,223,163
45,Veigar,MIDDLE,TRUE,875,11,164,234
54,Malphite,TOP,FALSE,11,84,90,79
31,Chogath,TOP,FALSE,56,4,106,35
31,Chogath,MIDDLE,FALSE,120,38,41,131
20,Nunu,BOTTOM,FALSE,114,29,36,234
20,Nunu,JUNGLE,FALSE,777,85,1,9
25,Morgana,MIDDLE,FALSE,104,85,31,234
121,Khazix,TOP,TRUE,85,63,161,67
121,Khazix,TOP,TRUE,75,85,54,76
254,Vi,TOP,TRUE,41,85,516,11
147,Seraphine,BOTTOM,FALSE,75,64,39,154
147,Seraphine,TOP,FALSE,84,104,223,246
147,Seraphine,JUNGLE,TRUE,150,876,875,245
147,Seraphine,JUNGLE,TRUE,82,35,19,113
432,Bard,TOP,FALSE,127,35,14,64
432,Bard,TOP,TRUE,105,35,19,76
432,Bard,TOP,FALSE,10,104,79,131
432,Bard,JUNGLE,FALSE,79,72,266,64
432,Bard,JUNGLE,FALSE,240,72,98,20
147,Seraphine,JUNGLE,FALSE,30,238,112,33
432,Bard,JUNGLE,TRUE,58,131,875,104
432,Bard,JUNGLE,TRUE,10,120,86,203
432,Bard,JUNGLE,TRUE,39,91,887,120
432,Bard,JUNGLE,TRUE,58,35,54,120
432,Bard,JUNGLE,TRUE,36,107,104,64
432,Bard,JUNGLE,FALSE,777,5,92,20
432,Bard,JUNGLE,TRUE,24,35,92,154
432,Bard,JUNGLE,TRUE,92,20,777,154
432,Bard,JUNGLE,TRUE,164,60,48,120
432,Bard,JUNGLE,TRUE,14,91,164,131
432,Bard,JUNGLE,TRUE,126,20,75,64
432,Bard,JUNGLE,TRUE,164,64,126,104
432,Bard,JUNGLE,FALSE,75,9,126,154
432,Bard,JUNGLE,FALSE,10,5,78,875
50,Swain,JUNGLE,TRUE,166,104,75,131
38,Kassadin,JUNGLE,TRUE,16,53,84,876
79,Gragas,JUNGLE,TRUE,8,21,887,19
143,Zyra,UTILITY,TRUE,4,429,12,68
50,Swain,UTILITY,FALSE,777,120,104,102
50,Swain,UTILITY,TRUE,104,141,85,777
50,Swain,BOTTOM,TRUE,86,234,23,876
50,Swain,UTILITY,TRUE,166,104,86,120
50,Swain,UTILITY,FALSE,79,235,17,421
50,Swain,UTILITY,TRUE,39,120,777,28
50,Swain,UTILITY,TRUE,78,120,89,2
50,Swain,UTILITY,FALSE,266,235,23,59
50,Swain,BOTTOM,TRUE,39,120,27,59
50,Swain,BOTTOM,TRUE,875,104,777,120
50,Swain,UTILITY,TRUE,164,254,59,131
50,Swain,UTILITY,FALSE,164,107,19,234
50,Swain,UTILITY,FALSE,39,104,164,64
50,Swain,UTILITY,FALSE,23,78,223,141
50,Swain,UTILITY,FALSE,17,120,13,246
50,Swain,UTILITY,FALSE,114,246,104,141
99,Lux,UTILITY,TRUE,147,75,22,110
31,Chogath,MIDDLE,FALSE,11,420,122,203
75,Nasus,MIDDLE,TRUE,44,119,37,236
121,Khazix,MIDDLE,FALSE,89,102,15,75
80,Pantheon,MIDDLE,TRUE,121,266,24,131
80,Pantheon,MIDDLE,TRUE,234,268,266,517
238,Zed,TOP,FALSE,54,9,24,122
80,Pantheon,JUNGLE,FALSE,122,77,43,35
121,Khazix,MIDDLE,FALSE,14,18,23,107
80,Pantheon,MIDDLE,TRUE,235,64,14,163
80,Pantheon,MIDDLE,TRUE,19,246,106,234
80,Pantheon,MIDDLE,TRUE,28,81,518,141
80,Pantheon,MIDDLE,TRUE,9,45,887,77
236,Lucian,MIDDLE,FALSE,150,33,83,35
80,Pantheon,MIDDLE,FALSE,145,245,875,91
234,Viego,MIDDLE,TRUE,14,103,77,887
238,Zed,JUNGLE,FALSE,114,45,875,35
238,Zed,MIDDLE,FALSE,104,112,39,131
80,Pantheon,MIDDLE,FALSE,245,101,36,64
80,Pantheon,MIDDLE,FALSE,106,69,166,121
203,Kindred,MIDDLE,TRUE,6,4,98,64
203,Kindred,JUNGLE,TRUE,103,223,82,35
203,Kindred,JUNGLE,FALSE,161,81,36,777
203,Kindred,JUNGLE,TRUE,85,31,126,24
203,Kindred,BOTTOM,TRUE,55,98,266,238
203,Kindred,JUNGLE,FALSE,39,127,104,9
203,Kindred,JUNGLE,TRUE,114,127,24,5
203,Kindred,MIDDLE,TRUE,266,127,58,876
203,Kindred,JUNGLE,FALSE,777,127,104,245
203,Kindred,JUNGLE,TRUE,78,127,166,91
203,Kindred,JUNGLE,TRUE,6,76,69,141
203,Kindred,JUNGLE,TRUE,23,10,54,234
203,Kindred,JUNGLE,FALSE,6,8,777,141
203,Kindred,JUNGLE,TRUE,6,38,83,234
203,Kindred,JUNGLE,TRUE,6,99,777,35
254,Vi,JUNGLE,TRUE,6,555,44,64
203,Kindred,MIDDLE,TRUE,6,7,75,9
203,Kindred,JUNGLE,TRUE,79,238,56,141
203,Kindred,JUNGLE,FALSE,6,69,56,245
203,Kindred,JUNGLE,TRUE,6,112,41,120
143,Zyra,JUNGLE,FALSE,23,19,114,120
143,Zyra,UTILITY,TRUE,246,234,126,28
161,Velkoz,UTILITY,TRUE,117,44,122,55
143,Zyra,UTILITY,TRUE,39,104,875,131
143,Zyra,UTILITY,TRUE,223,20,41,64
143,Zyra,UTILITY,TRUE,266,120,27,20
143,Zyra,UTILITY,FALSE,126,59,266,254
143,Zyra,UTILITY,FALSE,23,234,114,64
143,Zyra,UTILITY,TRUE,517,104,75,141
143,Zyra,UTILITY,TRUE,62,238,103,234
143,Zyra,UTILITY,FALSE,412,246,36,238
143,Zyra,UTILITY,TRUE,117,238,84,107
143,Zyra,UTILITY,FALSE,126,131,23,64
143,Zyra,UTILITY,TRUE,23,59,126,64
143,Zyra,UTILITY,FALSE,79,76,36,238
267,Nami,UTILITY,FALSE,119,526,876,412
143,Zyra,UTILITY,FALSE,777,245,104,91
143,Zyra,UTILITY,FALSE,266,131,14,234
143,Zyra,UTILITY,TRUE,69,20,86,120
143,Zyra,UTILITY,TRUE,27,234,82,121
34,Anivia,UTILITY,FALSE,875,121,164,876
34,Anivia,MIDDLE,TRUE,92,91,133,30
34,Anivia,MIDDLE,FALSE,17,234,266,121
34,Anivia,JUNGLE,TRUE,106,64,55,141
34,Anivia,BOTTOM,TRUE,432,98,76,68
75,Nasus,BOTTOM,FALSE,22,19,61,79
11,MasterYi,MIDDLE,FALSE,31,39,222,82
34,Anivia,MIDDLE,FALSE,254,412,555,350
45,Veigar,BOTTOM,TRUE,121,412,267,79
34,Anivia,MIDDLE,TRUE,104,412,48,14
34,Anivia,BOTTOM,FALSE,86,234,75,64
34,Anivia,BOTTOM,TRUE,86,234,777,238
34,Anivia,MIDDLE,FALSE,887,236,99,78
34,Anivia,MIDDLE,TRUE,92,67,157,31
34,Anivia,MIDDLE,FALSE,27,30,41,72
59,JarvanIV,MIDDLE,TRUE,42,517,74,106
34,Anivia,MIDDLE,FALSE,875,234,67,238
34,Anivia,BOTTOM,TRUE,234,150,246,6
34,Anivia,MIDDLE,TRUE,126,48,104,234
34,Anivia,MIDDLE,TRUE,82,234,74,19
234,Viego,MIDDLE,TRUE,711,19,12,238
876,Lillia,TOP,FALSE,112,166,875,9
876,Lillia,TOP,FALSE,62,112,39,245
498,Xayah,TOP,FALSE,150,245,86,28
234,Viego,TOP,TRUE,79,777,86,246
203,Kindred,TOP,FALSE,112,54,36,30
517,Sylas,TOP,FALSE,126,104,58,44
876,Lillia,TOP,FALSE,23,41,24,76
203,Kindred,TOP,FALSE,223,127,23,64
234,Viego,TOP,TRUE,114,84,122,2
876,Lillia,TOP,FALSE,58,7,164,35
876,Lillia,TOP,TRUE,41,166,122,120
876,Lillia,UTILITY,FALSE,39,8,23,234
76,Nidalee,TOP,FALSE,107,39,1,102
234,Viego,BOTTOM,TRUE,54,112,517,91
166,Akshan,TOP,TRUE,86,64,114,76
876,Lillia,TOP,FALSE,114,166,75,11
876,Lillia,TOP,TRUE,75,268,114,120
234,Viego,UTILITY,TRUE,23,142,55,20
238,Zed,TOP,FALSE,516,105,69,91
26,Zilean,TOP,FALSE,164,91,23,64
412,Thresh,JUNGLE,FALSE,79,78,126,64
26,Zilean,JUNGLE,FALSE,164,5,166,28
26,Zilean,JUNGLE,TRUE,23,28,166,64
26,Zilean,MIDDLE,FALSE,126,104,17,203
412,Thresh,JUNGLE,FALSE,23,121,86,64
412,Thresh,JUNGLE,FALSE,68,9,17,104
412,Thresh,JUNGLE,TRUE,17,91,166,11
412,Thresh,TOP,TRUE,114,104,101,141
412,Thresh,JUNGLE,FALSE,84,68,17,120
412,Thresh,JUNGLE,FALSE,166,104,234,266
497,Rakan,JUNGLE,TRUE,166,91,157,9
412,Thresh,JUNGLE,TRUE,126,154,166,234
26,Zilean,JUNGLE,FALSE,164,427,85,107
412,Thresh,JUNGLE,TRUE,79,107,166,246
26,Zilean,JUNGLE,FALSE,164,28,166,246
26,Zilean,JUNGLE,FALSE,98,5,84,203
26,Zilean,JUNGLE,FALSE,17,107,246,121
26,Zilean,MIDDLE,TRUE,79,203,166,876
26,Zilean,UTILITY,TRUE,166,107,92,141
134,Syndra,UTILITY,FALSE,39,120,83,11
134,Syndra,UTILITY,TRUE,39,86,83,876
141,Kayn,UTILITY,FALSE,201,134,19,10
67,Vayne,UTILITY,TRUE,106,254,82,157
142,Zoe,UTILITY,FALSE,67,141,17,64
134,Syndra,UTILITY,TRUE,164,5,122,30
134,Syndra,UTILITY,TRUE,104,245,14,91
134,Syndra,UTILITY,TRUE,107,17,117,120
134,Syndra,UTILITY,TRUE,48,91,164,35
134,Syndra,UTILITY,TRUE,254,14,78,28
134,Syndra,UTILITY,FALSE,8,28,114,876
134,Syndra,UTILITY,TRUE,150,121,31,104
101,Xerath,UTILITY,FALSE,30,104,254,91
134,Syndra,UTILITY,TRUE,98,104,875,56
134,Syndra,MIDDLE,FALSE,240,64,875,76
134,Syndra,UTILITY,FALSE,104,141,777,77
134,Syndra,BOTTOM,TRUE,58,141,114,104
134,Syndra,UTILITY,FALSE,92,5,164,104
134,Syndra,UTILITY,FALSE,92,44,164,876
134,Syndra,TOP,FALSE,86,104,27,20
6,Urgot,TOP,TRUE,120,246,266,30
36,DrMundo,TOP,FALSE,234,112,98,131
36,DrMundo,MIDDLE,TRUE,131,69,41,64
36,DrMundo,TOP,TRUE,238,42,58,20
36,DrMundo,TOP,TRUE,79,238,266,421
36,DrMundo,TOP,TRUE,234,75,122,106
36,DrMundo,TOP,TRUE,234,74,112,141
36,DrMundo,TOP,TRUE,254,112,875,234
36,DrMundo,TOP,FALSE,20,64,516,421
48,Trundle,TOP,FALSE,234,42,114,20
75,Nasus,UTILITY,FALSE,64,3,104,141
16,Soraka,TOP,TRUE,223,203,122,102
48,Trundle,TOP,TRUE,20,42,112,44
22,Ashe,UTILITY,FALSE,92,104,31,120
6,Urgot,MIDDLE,FALSE,234,45,98,120
6,Urgot,TOP,FALSE,154,166,82,104
6,Urgot,MIDDLE,TRUE,9,246,517,121
16,Soraka,TOP,TRUE,203,34,98,104
36,DrMundo,TOP,TRUE,120,84,122,203
36,DrMundo,BOTTOM,TRUE,141,105,126,76
59,JarvanIV,BOTTOM,TRUE,72,112,104,223
59,JarvanIV,BOTTOM,TRUE,266,112,92,32
62,MonkeyKing,BOTTOM,TRUE,223,45,20,4
8,Vladimir,BOTTOM,TRUE,122,37,236,143
59,JarvanIV,BOTTOM,TRUE,23,134,126,64
245,Ekko,BOTTOM,TRUE,126,91,887,234
59,JarvanIV,BOTTOM,FALSE,79,777,92,234
59,JarvanIV,BOTTOM,TRUE,14,147,166,120
59,JarvanIV,BOTTOM,FALSE,166,55,104,120
98,Shen,MIDDLE,FALSE,51,101,40,34
59,JarvanIV,BOTTOM,TRUE,69,142,164,76
59,JarvanIV,MIDDLE,FALSE,266,711,887,203
59,JarvanIV,BOTTOM,TRUE,164,3,223,203
59,JarvanIV,BOTTOM,TRUE,126,105,166,64
59,JarvanIV,BOTTOM,FALSE,24,246,875,254
59,JarvanIV,BOTTOM,FALSE,157,42,64,112
59,JarvanIV,BOTTOM,TRUE,141,61,72,107
59,JarvanIV,BOTTOM,TRUE,10,42,86,876
59,JarvanIV,BOTTOM,TRUE,254,157,126,44
245,Ekko,UTILITY,TRUE,164,11,240,91
43,Karma,UTILITY,FALSE,27,64,412,131
89,Leona,UTILITY,FALSE,166,91,62,64
111,Nautilus,UTILITY,FALSE,516,203,55,23
497,Rakan,UTILITY,FALSE,166,107,223,234
497,Rakan,UTILITY,TRUE,164,154,84,120
133,Quinn,UTILITY,FALSE,74,238,72,113
875,Sett,UTILITY,TRUE,164,120,122,234
163,Taliyah,UTILITY,FALSE,240,234,92,35
99,Lux,UTILITY,FALSE,126,154,23,141
99,Lux,UTILITY,TRUE,92,141,166,11
48,Trundle,UTILITY,FALSE,58,238,23,91
154,Zac,UTILITY,FALSE,98,30,62,876
432,Bard,UTILITY,TRUE,84,203,98,5
163,Taliyah,UTILITY,TRUE,23,91,98,246
526,Rell,UTILITY,FALSE,14,238,8,35
497,Rakan,UTILITY,TRUE,126,203,887,154
89,Leona,UTILITY,TRUE,39,91,112,121
21,MissFortune,UTILITY,TRUE,126,166,777,107
350,Yuumi,UTILITY,FALSE,7,64,777,76
79,Gragas,JUNGLE,FALSE,164,120,24,254
164,Camille,JUNGLE,TRUE,64,42,223,131
114,Fiora,JUNGLE,TRUE,64,4,23,234
126,Jayce,UTILITY,FALSE,104,246,6,131
112,Viktor,JUNGLE,TRUE,78,203,164,51
887,Gwen,JUNGLE,TRUE,421,86,23,131
126,Jayce,JUNGLE,TRUE,64,115,875,2
164,Camille,JUNGLE,FALSE,246,134,24,203
164,Camille,JUNGLE,FALSE,154,39,23,245
887,Gwen,JUNGLE,FALSE,64,166,27,121
114,Fiora,JUNGLE,TRUE,203,84,39,104
36,DrMundo,JUNGLE,TRUE,120,166,126,102
80,Pantheon,MIDDLE,TRUE,166,120,240,5
126,Jayce,JUNGLE,FALSE,245,142,236,104
41,Gangplank,MIDDLE,FALSE,91,202,75,104
80,Pantheon,MIDDLE,FALSE,24,11,41,104
164,Camille,MIDDLE,FALSE,11,105,74,203
114,Fiora,TOP,TRUE,76,157,266,120
114,Fiora,JUNGLE,TRUE,164,102,55,141
887,Gwen,MIDDLE,TRUE,64,517,164,421
164,Camille,MIDDLE,TRUE,238,43,122,234
147,Seraphine,MIDDLE,TRUE,122,11,10,141
147,Seraphine,MIDDLE,TRUE,122,5,126,163
29,Twitch,MIDDLE,TRUE,104,11,79,245
147,Seraphine,MIDDLE,FALSE,122,11,104,107
147,Seraphine,MIDDLE,FALSE,887,9,875,238
147,Seraphine,MIDDLE,TRUE,122,421,10,104
147,Seraphine,MIDDLE,TRUE,114,203,79,64
147,Seraphine,MIDDLE,TRUE,164,91,122,887
147,Seraphine,MIDDLE,TRUE,122,5,14,154
147,Seraphine,MIDDLE,TRUE,122,11,114,59
147,Seraphine,UTILITY,FALSE,126,517,8,24
147,Seraphine,UTILITY,FALSE,420,5,41,141
147,Seraphine,UTILITY,TRUE,223,82,777,104
147,Seraphine,UTILITY,TRUE,14,107,24,91
147,Seraphine,UTILITY,TRUE,126,9,67,72
147,Seraphine,UTILITY,TRUE,17,238,8,114
147,Seraphine,UTILITY,TRUE,8,11,17,64
147,Seraphine,UTILITY,FALSE,122,76,157,246
222,Jinx,UTILITY,TRUE,17,106,36,35
147,Seraphine,MIDDLE,FALSE,31,35,266,60
89,Leona,UTILITY,TRUE,114,234,17,106
12,Alistar,UTILITY,TRUE,106,91,875,33
497,Rakan,UTILITY,TRUE,114,28,164,234
89,Leona,UTILITY,FALSE,83,33,39,104
12,Alistar,UTILITY,TRUE,104,33,105,28
57,Maokai,UTILITY,TRUE,24,121,54,887
12,Alistar,UTILITY,TRUE,23,104,36,64
89,Leona,UTILITY,FALSE,126,32,36,104
80,Pantheon,UTILITY,TRUE,54,91,69,64
12,Alistar,UTILITY,FALSE,14,30,98,154
12,Alistar,MIDDLE,TRUE,164,245,114,102
111,Nautilus,MIDDLE,FALSE,24,245,777,28
89,Leona,MIDDLE,TRUE,114,234,777,5
12,Alistar,BOTTOM,TRUE,516,234,164,876
89,Leona,BOTTOM,TRUE,150,163,92,28
25,Morgana,BOTTOM,FALSE,223,245,67,154
12,Alistar,BOTTOM,FALSE,84,56,98,254
201,Braum,BOTTOM,FALSE,92,25,32,60
412,Thresh,MIDDLE,FALSE,117,91,421,38
89,Leona,MIDDLE,TRUE,79,91,82,121
106,Volibear,MIDDLE,FALSE,266,112,19,9
106,Volibear,MIDDLE,TRUE,34,555,98,64
110,Varus,MIDDLE,TRUE,84,432,105,40
81,Ezreal,BOTTOM,FALSE,67,103,1,143
115,Ziggs,BOTTOM,FALSE,110,34,102,99
106,Volibear,MIDDLE,TRUE,54,84,92,91
201,Braum,MIDDLE,TRUE,37,115,143,16
64,LeeSin,MIDDLE,FALSE,432,875,412,111
106,Volibear,MIDDLE,FALSE,26,266,115,875
89,Leona,MIDDLE,TRUE,238,25,91,114
875,Sett,UTILITY,TRUE,234,104,420,141
78,Poppy,UTILITY,FALSE,104,84,777,91
7,Leblanc,JUNGLE,TRUE,25,117,30,203
887,Gwen,JUNGLE,TRUE,106,234,104,91
106,Volibear,TOP,TRUE,41,517,86,56
106,Volibear,JUNGLE,TRUE,887,238,31,412
106,Volibear,JUNGLE,TRUE,777,11,126,141
106,Volibear,JUNGLE,TRUE,58,84,516,91
106,Volibear,JUNGLE,TRUE,126,112,10,64
78,Poppy,JUNGLE,TRUE,85,39,86,106
157,Yasuo,JUNGLE,FALSE,81,75,350,202
203,Kindred,JUNGLE,TRUE,48,157,8,141
42,Corki,JUNGLE,TRUE,36,48,75,64
26,Zilean,JUNGLE,TRUE,223,234,104,120
99,Lux,JUNGLE,TRUE,75,245,92,32
41,Gangplank,JUNGLE,FALSE,104,112,223,141
131,Diana,JUNGLE,FALSE,777,166,41,2
45,Veigar,BOTTOM,FALSE,126,104,164,64
45,Veigar,JUNGLE,TRUE,126,154,75,9
45,Veigar,JUNGLE,TRUE,86,238,27,120
61,Orianna,JUNGLE,TRUE,112,35,86,64
105,Fizz,JUNGLE,TRUE,39,121,266,131
34,Anivia,JUNGLE,TRUE,67,120,202,875
74,Heimerdinger,TOP,FALSE,67,11,62,267
777,Yone,JUNGLE,FALSE,84,104,114,91
246,Qiyana,BOTTOM,FALSE,517,245,516,104
268,Azir,JUNGLE,FALSE,126,154,517,106
234,Viego,JUNGLE,TRUE,157,67,82,92
45,Veigar,JUNGLE,FALSE,84,107,104,141
34,Anivia,BOTTOM,TRUE,79,141,126,104
43,Karma,BOTTOM,FALSE,28,106,150,104
43,Karma,JUNGLE,FALSE,266,141,223,107
43,Karma,JUNGLE,TRUE,223,203,24,350
43,Karma,BOTTOM,TRUE,875,35,150,9
37,Sona,JUNGLE,TRUE,39,76,104,91
40,Janna,JUNGLE,TRUE,48,104,266,421
43,Karma,JUNGLE,FALSE,14,112,875,64
40,Janna,TOP,FALSE,126,28,6,104
40,Janna,TOP,TRUE,875,9,112,876
43,Karma,TOP,TRUE,164,131,427,238
235,Senna,TOP,FALSE,41,141,420,30
43,Karma,TOP,FALSE,27,777,126,64
235,Senna,TOP,TRUE,84,104,39,234
40,Janna,TOP,TRUE,39,104,98,91
40,Janna,TOP,TRUE,238,234,126,20
40,Janna,TOP,FALSE,166,104,164,120
43,Karma,TOP,FALSE,39,121,78,154
43,Karma,TOP,TRUE,164,2,24,5
40,Janna,MIDDLE,TRUE,164,30,266,121
40,Janna,TOP,TRUE,104,44,420,121
81,Ezreal,TOP,FALSE,84,20,54,104
18,Tristana,MIDDLE,FALSE,114,20,62,76
18,Tristana,JUNGLE,TRUE,67,427,126,61
81,Ezreal,TOP,TRUE,98,60,266,131
18,Tristana,UTILITY,FALSE,98,104,266,76
18,Tristana,MIDDLE,TRUE,98,91,246,266
18,Tristana,MIDDLE,TRUE,98,60,516,131
81,Ezreal,MIDDLE,TRUE,98,104,84,203
236,Lucian,BOTTOM,FALSE,24,28,166,234
18,Tristana,MIDDLE,FALSE,234,91,166,120
18,Tristana,MIDDLE,TRUE,72,76,234,154
236,Lucian,MIDDLE,FALSE,67,30,58,234
18,Tristana,TOP,TRUE,412,98,234,81
81,Ezreal,TOP,TRUE,112,104,23,64
202,Jhin,JUNGLE,TRUE,126,60,107,91
18,Tristana,MIDDLE,TRUE,126,30,27,104
18,Tristana,MIDDLE,TRUE,84,254,85,91
18,Tristana,MIDDLE,TRUE,19,245,164,64
18,Tristana,MIDDLE,TRUE,150,427,164,30
236,Lucian,TOP,FALSE,19,876,114,120
350,Yuumi,TOP,FALSE,55,254,39,64
350,Yuumi,TOP,FALSE,82,64,79,28
245,Ekko,TOP,TRUE,875,238,98,35
107,Rengar,TOP,TRUE,114,105,23,48
107,Rengar,UTILITY,FALSE,62,38,59,117
245,Ekko,TOP,FALSE,266,1,57,203
74,Heimerdinger,TOP,FALSE,777,238,83,57
245,Ekko,TOP,FALSE,223,161,92,234
107,Rengar,TOP,TRUE,92,112,777,203
245,Ekko,TOP,TRUE,23,43,6,28
10,Kayle,TOP,TRUE,163,222,81,143
7,Leblanc,TOP,FALSE,16,266,89,96
245,Ekko,TOP,FALSE,126,222,164,163
245,Ekko,TOP,TRUE,10,67,166,27
245,Ekko,TOP,FALSE,19,68,84,203
107,Rengar,TOP,TRUE,31,61,36,113
245,Ekko,TOP,TRUE,777,157,164,234
107,Rengar,TOP,FALSE,887,157,19,60
30,Karthus,TOP,TRUE,164,777,92,91
245,Ekko,TOP,TRUE,17,711,223,79
18,Tristana,TOP,TRUE,164,64,19,91
120,Hecarim,TOP,FALSE,41,3,83,131
120,Hecarim,TOP,TRUE,6,13,75,234
79,Gragas,MIDDLE,TRUE,31,711,81,60
120,Hecarim,TOP,TRUE,516,38,48,64
79,Gragas,TOP,FALSE,31,41,92,117
79,Gragas,TOP,TRUE,48,101,92,145
79,Gragas,TOP,TRUE,86,246,777,5
81,Ezreal,TOP,FALSE,777,246,31,254
79,Gragas,TOP,TRUE,92,517,17,104
54,Malphite,TOP,FALSE,122,887,31,64
79,Gragas,TOP,TRUE,99,777,131,104
115,Ziggs,TOP,TRUE,266,5,39,887
222,Jinx,TOP,FALSE,24,131,164,11
120,Hecarim,TOP,TRUE,126,163,164,48
79,Gragas,MIDDLE,FALSE,516,131,41,238
110,Varus,MIDDLE,TRUE,31,421,86,60
64,LeeSin,MIDDLE,TRUE,516,79,166,104
120,Hecarim,TOP,FALSE,875,101,166,102
79,Gragas,TOP,TRUE,86,101,90,48
234,Viego,MIDDLE,FALSE,64,112,10,76
234,Viego,TOP,FALSE,91,18,166,120
234,Viego,UTILITY,FALSE,154,777,72,76
82,Mordekaiser,TOP,TRUE,104,103,39,131
82,Mordekaiser,TOP,TRUE,64,157,27,238
234,Viego,TOP,TRUE,64,45,27,91
55,Katarina,TOP,FALSE,105,3,16,83
82,Mordekaiser,TOP,FALSE,234,777,98,48
234,Viego,TOP,FALSE,51,19,777,104
92,Riven,TOP,TRUE,14,25,67,10
777,Yone,MIDDLE,TRUE,111,103,81,234
234,Viego,UTILITY,FALSE,117,61,222,44
234,Viego,TOP,TRUE,89,7,51,711
234,Viego,TOP,FALSE,3,67,223,112
82,Mordekaiser,TOP,TRUE,105,67,5,222
234,Viego,TOP,TRUE,38,202,101,222
4,TwistedFate,TOP,TRUE,106,64,875,62
234,Viego,TOP,FALSE,432,222,14,245
234,Viego,MIDDLE,FALSE,28,711,82,5
80,Pantheon,MIDDLE,TRUE,6,157,84,91
75,Nasus,MIDDLE,FALSE,69,64,122,141
75,Nasus,MIDDLE,FALSE,6,76,14,72
75,Nasus,MIDDLE,TRUE,10,120,106,102
75,Nasus,MIDDLE,TRUE,63,84,235,107
75,Nasus,MIDDLE,FALSE,236,85,246,245
110,Varus,MIDDLE,TRUE,27,141,10,54
75,Nasus,MIDDLE,FALSE,86,48,122,245
29,Twitch,MIDDLE,FALSE,876,121,101,19
20,Nunu,TOP,FALSE,103,234,84,166
11,MasterYi,MIDDLE,TRUE,56,48,142,76
53,Blitzcrank,MIDDLE,TRUE,16,126,8,59
19,Warwick,MIDDLE,FALSE,131,122,7,222
40,Janna,MIDDLE,TRUE,711,18,875,27
75,Nasus,MIDDLE,FALSE,245,18,92,104
10,Kayle,TOP,TRUE,91,518,83,35
75,Nasus,MIDDLE,TRUE,24,99,266,79
75,Nasus,MIDDLE,FALSE,83,35,80,120
75,Nasus,BOTTOM,TRUE,84,91,164,131
110,Varus,BOTTOM,FALSE,43,23,119,266
75,Nasus,MIDDLE,TRUE,50,41,104,69
78,Poppy,MIDDLE,TRUE,154,141,3,104
106,Volibear,MIDDLE,TRUE,203,103,84,64
245,Ekko,MIDDLE,TRUE,254,99,104,54
777,Yone,MIDDLE,FALSE,64,103,54,11
79,Gragas,MIDDLE,FALSE,64,39,83,254
78,Poppy,MIDDLE,TRUE,35,101,82,141
245,Ekko,MIDDLE,FALSE,234,39,62,48
14,Sion,BOTTOM,FALSE,104,103,39,238
106,Volibear,MIDDLE,FALSE,11,61,36,20
245,Ekko,MIDDLE,TRUE,555,145,126,711
223,TahmKench,MIDDLE,TRUE,234,34,36,245
79,Gragas,MIDDLE,TRUE,203,127,24,238
245,Ekko,BOTTOM,TRUE,113,39,98,234
875,Sett,MIDDLE,FALSE,120,112,14,64
875,Sett,BOTTOM,TRUE,120,112,150,141
78,Poppy,BOTTOM,TRUE,120,112,122,79
78,Poppy,BOTTOM,FALSE,238,105,10,234
223,TahmKench,BOTTOM,FALSE,64,245,98,107
78,Poppy,JUNGLE,FALSE,28,777,36,107
13,Ryze,JUNGLE,TRUE,20,91,26,48
777,Yone,JUNGLE,FALSE,76,126,41,19
122,Darius,JUNGLE,FALSE,234,517,164,238
266,Aatrox,TOP,FALSE,79,157,166,141
875,Sett,TOP,FALSE,76,126,166,104
266,Aatrox,JUNGLE,TRUE,39,120,777,28
266,Aatrox,JUNGLE,FALSE,76,42,157,203
875,Sett,JUNGLE,TRUE,238,55,114,104
266,Aatrox,TOP,TRUE,79,157,23,30
266,Aatrox,JUNGLE,FALSE,234,7,777,120
875,Sett,TOP,FALSE,412,101,164,104
875,Sett,JUNGLE,TRUE,876,238,36,202
266,Aatrox,JUNGLE,TRUE,234,238,113,246
82,Mordekaiser,JUNGLE,TRUE,104,268,223,254
122,Darius,JUNGLE,TRUE,104,99,516,113
266,Aatrox,JUNGLE,TRUE,245,42,114,11
266,Aatrox,TOP,TRUE,131,777,887,234
81,Ezreal,JUNGLE,FALSE,28,236,43,25
517,Sylas,JUNGLE,FALSE,266,30,875,234
266,Aatrox,UTILITY,TRUE,875,60,114,121
711,Vex,MIDDLE,FALSE,875,64,887,91
10,Kayle,MIDDLE,FALSE,60,112,41,107
10,Kayle,JUNGLE,FALSE,120,38,234,141
10,Kayle,MIDDLE,FALSE,234,246,86,131
10,Kayle,BOTTOM,TRUE,11,234,117,30
497,Rakan,MIDDLE,TRUE,58,20,420,79
10,Kayle,MIDDLE,TRUE,121,246,98,91
10,Kayle,BOTTOM,FALSE,38,246,90,238
10,Kayle,BOTTOM,TRUE,238,38,30,120
10,Kayle,MIDDLE,TRUE,141,126,266,91
10,Kayle,MIDDLE,FALSE,141,75,39,32
10,Kayle,MIDDLE,FALSE,234,7,164,121
10,Kayle,MIDDLE,TRUE,64,711,240,28
10,Kayle,MIDDLE,FALSE,777,20,131,120
497,Rakan,MIDDLE,FALSE,104,154,17,141
10,Kayle,MIDDLE,TRUE,234,777,104,120
10,Kayle,MIDDLE,FALSE,234,68,75,33
10,Kayle,MIDDLE,TRUE,2,7,62,121
10,Kayle,MIDDLE,TRUE,154,8,1,131
10,Kayle,JUNGLE,TRUE,2,69,420,887
10,Kayle,JUNGLE,FALSE,64,68,777,76
131,Diana,JUNGLE,FALSE,875,9,114,141
131,Diana,JUNGLE,FALSE,17,5,54,421
131,Diana,JUNGLE,FALSE,223,2,266,163
887,Gwen,JUNGLE,FALSE,166,48,19,78
887,Gwen,JUNGLE,TRUE,157,246,106,20
131,Diana,JUNGLE,TRUE,122,246,236,60
38,Kassadin,JUNGLE,FALSE,104,64,112,19
39,Irelia,JUNGLE,TRUE,67,121,27,64
39,Irelia,JUNGLE,FALSE,41,131,92,104
131,Diana,UTILITY,TRUE,27,64,30,141
887,Gwen,JUNGLE,FALSE,59,42,122,27
126,Jayce,JUNGLE,FALSE,266,131,14,121
39,Irelia,JUNGLE,TRUE,136,238,420,32
55,Katarina,JUNGLE,FALSE,58,35,24,5
131,Diana,JUNGLE,FALSE,114,59,23,421
38,Kassadin,JUNGLE,FALSE,36,20,157,28
14,Sion,JUNGLE,TRUE,7,234,86,104
131,Diana,JUNGLE,TRUE,164,234,2,121
131,Diana,JUNGLE,TRUE,62,141,23,20
134,Syndra,JUNGLE,FALSE,875,234,412,91
222,Jinx,JUNGLE,TRUE,164,120,83,28
45,Veigar,JUNGLE,FALSE,266,91,10,141
45,Veigar,JUNGLE,FALSE,104,113,126,76
45,Veigar,JUNGLE,FALSE,2,517,54,64
45,Veigar,JUNGLE,TRUE,23,104,92,120
69,Cassiopeia,JUNGLE,FALSE,82,19,39,59
103,Ahri,JUNGLE,FALSE,14,246,875,107
103,Ahri,JUNGLE,TRUE,92,121,17,5
103,Ahri,JUNGLE,TRUE,31,64,8,20
222,Jinx,JUNGLE,FALSE,84,120,86,91
103,Ahri,JUNGLE,TRUE,74,234,82,91
103,Ahri,JUNGLE,FALSE,74,120,104,30
103,Ahri,JUNGLE,TRUE,887,141,92,64
103,Ahri,BOTTOM,TRUE,16,60,86,120
45,Veigar,BOTTOM,TRUE,67,20,104,19
103,Ahri,MIDDLE,TRUE,19,234,23,203
103,Ahri,BOTTOM,FALSE,875,120,223,91
103,Ahri,BOTTOM,TRUE,266,120,104,60
103,Ahri,BOTTOM,TRUE,266,421,26,107
103,Ahri,BOTTOM,TRUE,223,59,114,163
76,Nidalee,MIDDLE,FALSE,164,103,69,59
76,Nidalee,MIDDLE,FALSE,48,127,69,91
60,Elise,BOTTOM,TRUE,164,238,19,121
76,Nidalee,BOTTOM,FALSE,39,166,164,64
68,Rumble,MIDDLE,TRUE,64,3,887,78
164,Camille,MIDDLE,FALSE,104,26,777,64
421,RekSai,MIDDLE,FALSE,114,245,24,28
64,LeeSin,MIDDLE,FALSE,164,1,85,48
76,Nidalee,MIDDLE,FALSE,24,119,23,11
68,Rumble,MIDDLE,FALSE,64,134,166,2
76,Nidalee,MIDDLE,FALSE,126,91,41,107
68,Rumble,MIDDLE,FALSE,234,112,98,91
76,Nidalee,MIDDLE,TRUE,164,240,497,5
76,Nidalee,UTILITY,FALSE,23,154,114,91
76,Nidalee,UTILITY,TRUE,875,166,421,91
5,XinZhao,UTILITY,TRUE,41,555,84,234
76,Nidalee,UTILITY,TRUE,777,39,164,234
68,Rumble,UTILITY,TRUE,104,101,164,76
76,Nidalee,UTILITY,TRUE,10,4,266,141
76,Nidalee,UTILITY,TRUE,104,142,236,19
555,Pyke,UTILITY,FALSE,68,9,104,35
38,Kassadin,UTILITY,TRUE,122,77,39,203
555,Pyke,UTILITY,TRUE,41,64,24,107
11,MasterYi,UTILITY,TRUE,240,31,86,121
555,Pyke,UTILITY,FALSE,150,234,41,59
67,Vayne,UTILITY,FALSE,517,33,54,131
555,Pyke,UTILITY,FALSE,24,78,875,166
777,Yone,UTILITY,FALSE,223,245,875,876
555,Pyke,UTILITY,TRUE,41,28,84,19
555,Pyke,UTILITY,TRUE,126,79,54,91
11,MasterYi,UTILITY,TRUE,78,75,114,48
38,Kassadin,UTILITY,FALSE,85,104,114,60
555,Pyke,UTILITY,FALSE,516,234,92,245
38,Kassadin,JUNGLE,TRUE,114,876,62,121
11,MasterYi,JUNGLE,TRUE,875,876,86,234
38,Kassadin,JUNGLE,TRUE,777,421,266,141
38,Kassadin,JUNGLE,FALSE,875,141,777,120
38,Kassadin,JUNGLE,FALSE,266,104,777,28
38,Kassadin,JUNGLE,TRUE,122,91,98,64
38,Kassadin,JUNGLE,TRUE,6,120,126,254
20,Nunu,JUNGLE,FALSE,266,90,240,5
20,Nunu,JUNGLE,FALSE,39,157,104,102
20,Nunu,JUNGLE,TRUE,92,517,104,28
20,Nunu,JUNGLE,TRUE,84,266,86,234
20,Nunu,JUNGLE,FALSE,126,3,112,91
20,Nunu,JUNGLE,FALSE,517,61,85,141
20,Nunu,JUNGLE,FALSE,69,105,234,120
20,Nunu,JUNGLE,FALSE,104,236,86,59
62,MonkeyKing,JUNGLE,TRUE,22,55,57,147
20,Nunu,JUNGLE,FALSE,777,127,69,234
20,Nunu,JUNGLE,TRUE,55,777,114,91
30,Karthus,JUNGLE,TRUE,51,29,54,126
105,Fizz,JUNGLE,TRUE,81,92,114,29
11,MasterYi,JUNGLE,FALSE,29,245,202,203
245,Ekko,JUNGLE,TRUE,268,131,117,55
20,Nunu,JUNGLE,FALSE,126,99,164,30
117,Lulu,JUNGLE,TRUE,17,234,92,78
20,Nunu,JUNGLE,TRUE,39,157,112,120
20,Nunu,JUNGLE,TRUE,39,517,84,104
20,Nunu,JUNGLE,FALSE,126,875,48,104
5,XinZhao,JUNGLE,TRUE,10,6,11,22
5,XinZhao,JUNGLE,TRUE,99,25,17,350
5,XinZhao,JUNGLE,TRUE,25,84,82,268
5,XinZhao,JUNGLE,FALSE,79,63,420,104
5,XinZhao,JUNGLE,FALSE,14,32,82,7
5,XinZhao,JUNGLE,FALSE,875,222,103,19
5,XinZhao,JUNGLE,TRUE,22,99,238,101
5,XinZhao,JUNGLE,FALSE,99,106,11,82
5,XinZhao,JUNGLE,TRUE,86,51,777,51
5,XinZhao,JUNGLE,FALSE,157,142,112,74
5,XinZhao,JUNGLE,FALSE,202,113,555,98
5,XinZhao,JUNGLE,TRUE,99,11,99,222
5,XinZhao,JUNGLE,TRUE,157,107,876,360
5,XinZhao,JUNGLE,FALSE,22,235,11,51
5,XinZhao,JUNGLE,TRUE,22,3,64,99
5,XinZhao,JUNGLE,TRUE,103,86,74,360
5,XinZhao,JUNGLE,FALSE,526,18,19,10
5,XinZhao,JUNGLE,FALSE,55,99,42,21
5,XinZhao,JUNGLE,TRUE,21,22,420,11
5,XinZhao,JUNGLE,FALSE,777,82,99,777
4,TwistedFate,JUNGLE,FALSE,48,56,82,9
4,TwistedFate,UTILITY,FALSE,17,203,112,141
4,TwistedFate,JUNGLE,FALSE,23,19,36,77
4,TwistedFate,JUNGLE,TRUE,141,54,23,107
4,TwistedFate,JUNGLE,FALSE,75,32,875,35
4,TwistedFate,JUNGLE,TRUE,41,32,84,121
4,TwistedFate,JUNGLE,FALSE,64,104,875,5
4,TwistedFate,JUNGLE,FALSE,516,19,420,234
4,TwistedFate,JUNGLE,TRUE,3,11,14,21
4,TwistedFate,JUNGLE,FALSE,54,141,517,59
18,Tristana,JUNGLE,FALSE,54,141,86,234
4,TwistedFate,JUNGLE,TRUE,266,82,420,254
4,TwistedFate,JUNGLE,FALSE,141,36,875,19
4,TwistedFate,UTILITY,TRUE,122,141,23,245
4,TwistedFate,UTILITY,TRUE,17,141,48,104
4,TwistedFate,UTILITY,TRUE,75,56,223,102
4,TwistedFate,UTILITY,TRUE,11,25,58,222
4,TwistedFate,UTILITY,FALSE,102,11,223,234
4,TwistedFate,UTILITY,TRUE,83,11,164,234
4,TwistedFate,UTILITY,FALSE,75,45,555,141
37,Sona,UTILITY,TRUE,36,11,114,20
37,Sona,UTILITY,FALSE,31,120,83,245
37,Sona,UTILITY,TRUE,887,223,25,5
37,Sona,UTILITY,TRUE,23,48,19,113
37,Sona,UTILITY,FALSE,17,131,223,254
37,Sona,UTILITY,FALSE,43,64,79,23
37,Sona,UTILITY,FALSE,133,77,420,9
37,Sona,UTILITY,TRUE,48,64,36,35
37,Sona,UTILITY,TRUE,86,234,17,56
37,Sona,UTILITY,TRUE,41,32,122,2
37,Sona,UTILITY,TRUE,75,104,25,35
37,Sona,MIDDLE,FALSE,10,11,23,28
37,Sona,UTILITY,FALSE,98,106,67,32
44,Taric,MIDDLE,FALSE,39,64,31,254
37,Sona,MIDDLE,TRUE,82,427,10,106
37,Sona,MIDDLE,FALSE,67,106,82,64
37,Sona,MIDDLE,FALSE,6,17,114,5
44,Taric,BOTTOM,FALSE,223,56,25,64
37,Sona,MIDDLE,FALSE,50,11,23,19
37,Sona,MIDDLE,FALSE,23,5,887,9
23,Tryndamere,MIDDLE,FALSE,114,105,98,154
23,Tryndamere,MIDDLE,TRUE,887,11,67,36
23,Tryndamere,MIDDLE,TRUE,36,101,223,32
23,Tryndamere,MIDDLE,TRUE,54,777,98,56
23,Tryndamere,MIDDLE,TRUE,75,99,6,102
23,Tryndamere,MIDDLE,FALSE,875,105,103,32
23,Tryndamere,MIDDLE,TRUE,238,122,147,11
23,Tryndamere,MIDDLE,FALSE,82,22,223,254
23,Tryndamere,BOTTOM,TRUE,777,34,266,5
23,Tryndamere,MIDDLE,FALSE,114,711,98,35
23,Tryndamere,MIDDLE,TRUE,223,42,75,91
23,Tryndamere,MIDDLE,TRUE,84,55,10,5
23,Tryndamere,MIDDLE,TRUE,14,55,17,107
23,Tryndamere,TOP,TRUE,41,19,887,120
23,Tryndamere,TOP,FALSE,92,13,114,234
23,Tryndamere,TOP,FALSE,122,104,223,120
23,Tryndamere,TOP,TRUE,86,777,875,33
23,Tryndamere,TOP,TRUE,10,157,887,35
23,Tryndamere,TOP,FALSE,875,26,80,20
23,Tryndamere,TOP,TRUE,119,7,875,106
98,Shen,TOP,TRUE,41,55,10,48
98,Shen,TOP,FALSE,75,38,36,32
98,Shen,TOP,FALSE,126,101,202,78
98,Shen,TOP,FALSE,6,115,83,78
98,Shen,TOP,FALSE,777,157,516,35
98,Shen,TOP,FALSE,48,45,875,876
98,Shen,TOP,TRUE,238,68,516,35
98,Shen,TOP,FALSE,86,31,54,91
98,Shen,TOP,TRUE,166,134,875,20
98,Shen,TOP,TRUE,6,238,24,11
98,Shen,TOP,FALSE,14,8,777,141
98,Shen,TOP,TRUE,31,4,41,32
98,Shen,TOP,TRUE,23,777,24,254
98,Shen,BOTTOM,TRUE,114,39,10,5
98,Shen,UTILITY,FALSE,92,84,14,254
98,Shen,BOTTOM,FALSE,86,23,122,24
98,Shen,BOTTOM,FALSE,92,157,86,104
98,Shen,BOTTOM,TRUE,10,84,17,104
98,Shen,BOTTOM,TRUE,86,99,27,20
98,Shen,BOTTOM,TRUE,104,91,122,72
154,Zac,BOTTOM,FALSE,24,99,98,76
154,Zac,BOTTOM,FALSE,23,157,875,427
154,Zac,BOTTOM,FALSE,122,555,17,32
154,Zac,BOTTOM,TRUE,86,157,84,48
154,Zac,BOTTOM,FALSE,75,99,86,28
154,Zac,BOTTOM,FALSE,223,246,420,245
154,Zac,BOTTOM,TRUE,6,145,516,35
154,Zac,BOTTOM,FALSE,83,777,17,82
154,Zac,BOTTOM,FALSE,112,234,17,62
154,Zac,BOTTOM,FALSE,166,246,23,245
154,Zac,BOTTOM,TRUE,420,777,223,876
154,Zac,BOTTOM,FALSE,98,45,39,234
154,Zac,BOTTOM,FALSE,58,55,75,11
154,Zac,TOP,TRUE,58,157,31,64
154,Zac,TOP,FALSE,104,105,122,19
154,Zac,TOP,FALSE,86,34,41,121
154,Zac,TOP,TRUE,75,99,14,141
154,Zac,TOP,FALSE,86,127,516,77
154,Zac,TOP,TRUE,75,30,6,64
154,Zac,TOP,FALSE,164,101,54,78
54,Malphite,TOP,FALSE,83,64,777,121
54,Malphite,TOP,FALSE,122,28,31,131
54,Malphite,MIDDLE,TRUE,17,11,10,20
54,Malphite,TOP,FALSE,31,64,80,254
54,Malphite,TOP,FALSE,39,887,98,141
57,Maokai,TOP,TRUE,164,32,59,19
54,Malphite,TOP,FALSE,154,56,777,202
54,Malphite,TOP,FALSE,27,421,23,91
54,Malphite,TOP,TRUE,126,56,36,141
54,Malphite,TOP,TRUE,31,11,58,83
54,Malphite,TOP,FALSE,31,29,517,427
54,Malphite,TOP,TRUE,10,234,117,11
54,Malphite,MIDDLE,TRUE,31,48,223,11
54,Malphite,JUNGLE,FALSE,36,11,35,48
54,Malphite,JUNGLE,FALSE,875,35,92,56
54,Malphite,JUNGLE,TRUE,58,102,17,427
54,Malphite,JUNGLE,TRUE,24,56,114,121
54,Malphite,JUNGLE,FALSE,106,33,875,11
54,Malphite,JUNGLE,FALSE,420,254,36,245
54,Malphite,JUNGLE,FALSE,31,56,98,62
8,Vladimir,JUNGLE,TRUE,223,77,39,876
8,Vladimir,JUNGLE,FALSE,41,141,83,56
8,Vladimir,JUNGLE,TRUE,84,33,78,131
74,Heimerdinger,JUNGLE,FALSE,777,141,82,120
202,Jhin,JUNGLE,FALSE,75,427,39,32
8,Vladimir,JUNGLE,FALSE,777,245,875,254
8,Vladimir,JUNGLE,FALSE,875,203,17,59
8,Vladimir,JUNGLE,FALSE,14,203,39,91
8,Vladimir,JUNGLE,TRUE,150,234,157,19
8,Vladimir,JUNGLE,TRUE,23,254,17,98
8,Vladimir,JUNGLE,FALSE,82,9,86,245
8,Vladimir,JUNGLE,FALSE,75,86,92,77
8,Vladimir,JUNGLE,FALSE,266,59,78,19
8,Vladimir,UTILITY,TRUE,223,32,36,56
8,Vladimir,UTILITY,FALSE,420,5,887,113
202,Jhin,UTILITY,FALSE,24,240,82,64
8,Vladimir,UTILITY,FALSE,31,11,17,35
8,Vladimir,UTILITY,TRUE,75,77,106,30
8,Vladimir,UTILITY,FALSE,164,64,75,11
8,Vladimir,UTILITY,FALSE,17,32,75,131
92,Riven,UTILITY,TRUE,121,114,75,163
92,Riven,TOP,TRUE,5,114,164,20
92,Riven,TOP,TRUE,421,114,266,28
92,Riven,TOP,TRUE,121,105,266,887
92,Riven,TOP,TRUE,6,711,78,35
92,Riven,TOP,TRUE,254,42,69,120
92,Riven,TOP,TRUE,121,38,10,19
92,Riven,TOP,TRUE,427,238,58,29
92,Riven,TOP,FALSE,141,112,83,5
92,Riven,TOP,TRUE,19,114,58,427
92,Riven,TOP,TRUE,20,114,420,35
92,Riven,TOP,TRUE,79,114,36,64
92,Riven,TOP,TRUE,131,39,82,11
92,Riven,TOP,TRUE,876,777,122,59
92,Riven,TOP,TRUE,427,555,875,113
92,Riven,BOTTOM,TRUE,131,10,114,120
92,Riven,TOP,FALSE,154,8,240,141
92,Riven,TOP,TRUE,64,26,41,11
92,Riven,TOP,TRUE,28,112,875,131
92,Riven,TOP,FALSE,245,238,112,20
523,Aphelios,TOP,TRUE,78,107,142,56
16,Soraka,,FALSE,83,121,777,72
523,Aphelios,,FALSE,777,107,126,5
81,Ezreal,,TRUE,67,107,98,421
523,Aphelios,,TRUE,84,107,14,104
523,Aphelios,,FALSE,78,107,23,79
523,Aphelios,,TRUE,83,107,27,223
523,Aphelios,,TRUE,83,107,17,23
523,Aphelios,,TRUE,107,78,127,245
523,Aphelios,,FALSE,10,107,14,203
523,Aphelios,,TRUE,240,5,6,51
523,Aphelios,,FALSE,10,20,114,104
523,Aphelios,,TRUE,10,11,23,64
523,Aphelios,,TRUE,31,59,126,28
523,Aphelios,,FALSE,104,121,223,83
523,Aphelios,,FALSE,83,107,104,154
523,Aphelios,,FALSE,64,106,10,35
360,Samira,,FALSE,54,234,98,154
523,Aphelios,,FALSE,164,44,266,254
523,Aphelios,,FALSE,166,20,17,141
86,Garen,,TRUE,2,3,83,245
86,Garen,,FALSE,64,21,31,35
86,Garen,,FALSE,64,42,875,19
86,Garen,,FALSE,32,1,112,238
86,Garen,,TRUE,19,157,223,5
86,Garen,,FALSE,48,238,17,56
86,Garen,,TRUE,11,777,114,102
86,Garen,,FALSE,11,55,82,2
86,Garen,,FALSE,17,80,10,64
17,Teemo,,TRUE,24,19,15,20
86,Garen,,TRUE,91,166,63,154
86,Garen,,TRUE,29,711,122,266
86,Garen,,TRUE,234,101,133,113
17,Teemo,,FALSE,11,90,777,82
86,Garen,,TRUE,203,246,54,36
86,Garen,,FALSE,234,516,82,203
86,Garen,,TRUE,234,63,223,11
86,Garen,,FALSE,120,34,133,19
86,Garen,,TRUE,74,39,875,82
86,Garen,,TRUE,36,11,82,106
120,Hecarim,,TRUE,164,142,240,203
234,Viego,,FALSE,74,142,41,76
234,Viego,,TRUE,48,518,875,104
120,Hecarim,,FALSE,78,1,240,91
141,Kayn,,FALSE,24,350,223,203
120,Hecarim,,FALSE,59,555,236,107
120,Hecarim,,FALSE,157,126,104,64
120,Hecarim,,FALSE,150,61,86,64
120,Hecarim,,TRUE,236,112,887,20
120,Hecarim,,FALSE,114,245,234,30
120,Hecarim,,FALSE,23,55,114,104
120,Hecarim,,FALSE,126,246,234,131
120,Hecarim,,TRUE,126,90,86,131
120,Hecarim,,TRUE,157,126,107,60
120,Hecarim,,TRUE,104,112,126,59
120,Hecarim,,FALSE,19,4,122,203
120,Hecarim,,TRUE,24,134,517,131
120,Hecarim,,TRUE,79,42,266,141
120,Hecarim,,TRUE,6,4,24,64
120,Hecarim,,FALSE,126,523,6,203
40,Janna,,FALSE,235,147,268,350
31,Chogath,,TRUE,27,104,240,266
48,Trundle,,TRUE,41,131,164,9
48,Trundle,,TRUE,92,59,41,9
48,Trundle,,TRUE,23,29,14,203
63,Brand,,TRUE,3,777,75,10
40,Janna,,FALSE,110,45,555,22
48,Trundle,,TRUE,223,245,164,64
44,Taric,,TRUE,32,96,51,142
81,Ezreal,,TRUE,110,117,26,82
16,Soraka,,FALSE,96,84,12,222
48,Trundle,,FALSE,24,11,777,120
48,Trundle,,TRUE,58,120,126,234
48,Trundle,,TRUE,24,234,54,876
267,Nami,,TRUE,98,120,122,234
89,Leona,,TRUE,3,114,112,63
201,Braum,,TRUE,69,45,64,27
14,Sion,,FALSE,40,11,254,161
43,Karma,,FALSE,25,21,90,115
201,Braum,,TRUE,523,21,121,102
114,Fiora,,TRUE,24,777,54,245
114,Fiora,,TRUE,154,157,39,5
114,Fiora,,FALSE,122,55,86,32
114,Fiora,,FALSE,37,157,78,166
114,Fiora,,TRUE,9,166,6,121
114,Fiora,,FALSE,36,99,246,141
114,Fiora,,TRUE,131,101,39,76
114,Fiora,,FALSE,427,246,887,154
114,Fiora,,FALSE,32,238,34,33
114,Fiora,,TRUE,121,8,98,141
114,Fiora,,TRUE,427,7,39,887
114,Fiora,,TRUE,35,238,86,887
114,Fiora,,FALSE,120,99,240,121
114,Fiora,,TRUE,121,517,92,113
51,Caitlyn,,FALSE,39,69,36,154
114,Fiora,,TRUE,876,166,887,121
114,Fiora,,TRUE,19,101,166,141
114,Fiora,,FALSE,64,238,54,53
122,Darius,,TRUE,64,54,81,421
114,Fiora,,FALSE,28,61,166,234
